date,data_src,class,order,family,genus,genus_species,length_cm,length_m,mass_g,mature_age,longevity,Minimum_depth_m,Maximum_depth_m,depth_num,depth_zone,lat_range,long_range,diet_specificity,diet_content,trophic_leve,commercial,iucn
2015-08-01,fmd,osteichthyen,Perciformes,Pomacentridae,Abudefduf,Abudefduf_vaigiensis,15,0.15,NA,NA,NA,1,15,8,NA,NA,NA,NA,Omnivorous,2.6,NA,np
2015-08-01,fmd,osteichthyen,Perciformes,Scombridae,Acanthocybium,Acanthocybium_solandri,150,1.5,NA,NA,NA,1,30,15.5,NA,NA,NA,NA,Piscivorous,4.3,NA,LC
2015-08-01,fmd,osteichthyen,Perciformes,Labridae,Acantholabrus,Acantholabrus_palloni,21.5,0.215,NA,NA,NA,30,250,140,NA,NA,NA,NA,Carnivorous,3.5,NA,LC
2015-08-01,fmd,osteichthyen,Perciformes,Acanthuridae,Acanthurus,Acanthurus_monroviae,32.5,0.325,NA,NA,NA,10,30,20,NA,NA,NA,NA,Omnivorous,2.5,NA,np
2015-08-01,fmd,osteichthyen,Acipenseriformes,Acipenseridae,Acipenser,Acipenser_gueldenstaedtii,135,1.35,NA,NA,NA,5,20,12.5,NA,NA,NA,NA,Carnivorous,3.3,NA,CR
2015-08-01,fmd,osteichthyen,Acipenseriformes,Acipenseridae,Acipenser,Acipenser_naccarii,125,1.25,NA,NA,NA,10,30,20,NA,NA,NA,NA,Carnivorous,3.4,NA,CR
2015-08-01,fmd,osteichthyen,Acipenseriformes,Acipenseridae,Acipenser,Acipenser_nudiventris,125,1.25,NA,NA,NA,30,60,45,NA,NA,NA,NA,Carnivorous,3.3,NA,CR
2015-08-01,fmd,osteichthyen,Acipenseriformes,Acipenseridae,Acipenser,Acipenser_stellatus,125,1.25,NA,NA,NA,10,100,55,NA,NA,NA,NA,Carnivorous,3.5,NA,CR
2015-08-01,fmd,osteichthyen,Acipenseriformes,Acipenseridae,Acipenser,Acipenser_sturio,175,1.75,NA,NA,NA,20,50,35,NA,NA,NA,NA,Carnivorous,3.5,NA,CR
2015-08-01,fmd,osteichthyen,Perciformes,Blenniidae,Aidablennius,Aidablennius_sphynx,6.5,0.065,NA,NA,NA,0.5,2,1.25,NA,NA,NA,NA,Omnivorous,2.8,NA,LC
2015-08-01,fmd,osteichthyen,Perciformes,Carangidae,Alectis,Alectis_alexandrina,70,0.7,NA,NA,NA,1,50,25.5,NA,NA,NA,NA,Carnivorous,3.6,NA,LC
2015-08-01,fmd,osteichthyen,Perciformes,Carangidae,Alepes,Alepes_djedaba,25,0.25,NA,NA,NA,5,30,17.5,NA,NA,NA,NA,Carnivorous,3.3,NA,np
2015-08-01,fmd,osteichthyen,Osmeriformes,Alepocephalidae,Alepocephalus,Alepocephalus_rostratus,35,0.35,NA,NA,NA,300,1600,950,NA,NA,NA,NA,Carnivorous,3.7,NA,LC
2015-08-01,fmd,chondrichtyen,Lamniformes,Alopiidae,Alopias,Alopias_vulpinus,550,5.5,NA,NA,NA,1,50,25.5,NA,NA,NA,NA,Carnivorous,4.5,NA,VU
2015-08-01,fmd,osteichthyen,Clupeiformes,Clupeidae,Alosa,Alosa_alosa,50,0.5,NA,NA,NA,1,50,25.5,NA,NA,NA,NA,Carnivorous,3,NA,np
2015-08-01,fmd,osteichthyen,Clupeiformes,Clupeidae,Alosa,Alosa_fallax,45,0.45,NA,NA,NA,1,250,125.5,NA,NA,NA,NA,Carnivorous,4,NA,np
2015-08-01,fmd,osteichthyen,Tetraodontiformes,Monacanthidae,Aluterus,Aluterus_monoceros,25,0.25,NA,NA,NA,1,50,25.5,NA,NA,NA,NA,Carnivorous,3.8,NA,np
2015-08-01,fmd,osteichthyen,Anguilliformes,Anguillidae,Anguilla,Anguilla_anguilla,80,0.8,NA,NA,NA,1,15,8,NA,NA,NA,NA,Carnivorous,3.6,NA,np
2015-08-01,fmd,osteichthyen,Perciformes,Serranidae,Anthias,Anthias_anthias,16.5,0.165,NA,NA,NA,30,80,55,NA,NA,NA,NA,Carnivorous,3.8,NA,LC
2015-08-01,fmd,osteichthyen,Cyprinodontiformes,Cyprinodontidae,Aphanius,Aphanius_dispar_dispar,6.5,0.065,NA,NA,NA,1,5,3,NA,NA,NA,NA,Herbivorous,2,NA,np
2015-08-01,fmd,osteichthyen,Cyprinodontiformes,Cyprinodontidae,Aphanius,Aphanius_fasciatus,6,0.06,NA,NA,NA,1,5,3,NA,NA,NA,NA,Omnivorous,2.7,NA,np
2015-08-01,fmd,osteichthyen,Cyprinodontiformes,Cyprinodontidae,Aphanius,Aphanius_iberus,4,0.04,NA,NA,NA,1,5,3,NA,NA,NA,NA,Omnivorous,3.4,NA,EN
2015-08-01,fmd,osteichthyen,Perciformes,Gobiidae,Aphia,Aphia_minuta,3.75,0.0375,NA,NA,NA,5,100,52.5,NA,NA,NA,NA,Carnivorous,3.1,NA,np
2015-08-01,fmd,osteichthyen,Gobiesociformes,Gobiesocidae,Apletodon,Apletodon_dentatus,4.25,0.0425,NA,NA,NA,1,20,10.5,NA,NA,NA,NA,Carnivorous,3.1,NA,DD
2015-08-01,fmd,osteichthyen,Perciformes,Apogonidae,Apogon,Apogon_imberbis,11,0.11,NA,NA,NA,5,50,27.5,NA,NA,NA,NA,Carnivorous,3.8,NA,LC
2015-08-01,fmd,osteichthyen,Perciformes,Apogonidae,Apogon,Apogon_queketti,8,0.08,NA,NA,NA,1,90,45.5,NA,NA,NA,NA,Carnivorous,3.4,NA,np
2015-08-01,fmd,osteichthyen,Perciformes,Apogonidae,Apogon,Apogon_smithi,6,0.06,NA,NA,NA,1,50,25.5,NA,NA,NA,NA,Carnivorous,3.6,NA,np
2015-08-01,fmd,osteichthyen,Perciformes,Apogonidae,Apogonichthyoides,Apogonichthyoides_pharaonis ,10,0.1,NA,NA,NA,5,50,27.5,NA,NA,NA,NA,Carnivorous,3.4,NA,np
2015-08-01,fmd,osteichthyen,Perciformes,Apogonidae,Apogonichthyoides,Apogonichthyoides_taeniatus,11,0.11,NA,NA,NA,5,50,27.5,NA,NA,NA,NA,Carnivorous,3.5,NA,np
2015-08-01,fmd,osteichthyen,Anguilliformes,Ophichthidae,Apterichtus,Apterichtus_anguiformis,55,0.55,NA,NA,NA,10,40,25,NA,NA,NA,NA,Carnivorous,4,NA,LC
2015-08-01,fmd,osteichthyen,Anguilliformes,Ophichthidae,Apterichtus,Apterichtus_caecus,55,0.55,NA,NA,NA,5,20,12.5,NA,NA,NA,NA,Carnivorous,4.1,NA,LC
2015-08-01,fmd,osteichthyen,Osmeriformes,Argentinidae,Argentina,Argentina_sphyraena,29,0.29,NA,NA,NA,50,200,125,NA,NA,NA,NA,Carnivorous,3.1,NA,LC
2015-08-01,fmd,osteichthyen,Stomiiformes,Sternoptychidae,Argyropelecus,Argyropelecus_hemigymnus,2.8,0.028,NA,NA,NA,1,2400,1200.5,NA,NA,NA,NA,Carnivorous,3.1,NA,LC
2015-08-01,fmd,osteichthyen,Perciformes,Sciaenidae,Argyrosomus,Argyrosomus_regius,120,1.2,NA,NA,NA,15,100,57.5,NA,NA,NA,NA,Carnivorous,4.3,NA,LC
2015-08-01,fmd,osteichthyen,Anguilliformes,Congridae,Ariosoma,Ariosoma_balearicum,45,0.45,NA,NA,NA,20,100,60,NA,NA,NA,NA,Carnivorous,3.9,NA,np
2015-08-01,fmd,osteichthyen,Siluriformes,Ariidae,Arius,Arius_parkii,67.5,0.675,NA,NA,NA,50,80,65,NA,NA,NA,NA,Carnivorous,4.1,NA,np
2015-08-01,fmd,osteichthyen,Pleuronectiformes,Bothidae,Arnoglossus,Arnoglossus_imperialis,22.5,0.225,NA,NA,NA,80,150,115,NA,NA,NA,NA,Carnivorous,3.8,NA,LC
2015-08-01,fmd,osteichthyen,Pleuronectiformes,Bothidae,Arnoglossus,Arnoglossus_kessleri,11.5,0.115,NA,NA,NA,10,200,105,NA,NA,NA,NA,Carnivorous,4.1,NA,np
2015-08-01,fmd,osteichthyen,Pleuronectiformes,Bothidae,Arnoglossus,Arnoglossus_laterna,20,0.2,NA,NA,NA,10,400,205,NA,NA,NA,NA,Carnivorous,3.6,NA,LC
2015-08-01,fmd,osteichthyen,Pleuronectiformes,Bothidae,Arnoglossus,Arnoglossus_rueppelii,NA,NA,NA,NA,NA,200,550,375,NA,NA,NA,NA,Carnivorous,4,NA,LC
2015-08-01,fmd,osteichthyen,Pleuronectiformes,Bothidae,Arnoglossus,Arnoglossus_thori,19,0.19,NA,NA,NA,15,50,32.5,NA,NA,NA,NA,Carnivorous,3.3,NA,LC
2015-08-01,fmd,osteichthyen,Atheriniformes,Atherinidae,Atherina,Atherina_boyeri,9,0.09,NA,NA,NA,1,3,2,NA,NA,NA,NA,Carnivorous,3.2,NA,LC
2015-08-01,fmd,osteichthyen,Atheriniformes,Atherinidae,Atherina,Atherina_hepsetus,15,0.15,NA,NA,NA,1,3,2,NA,NA,NA,NA,Carnivorous,3.2,NA,np
2015-08-01,fmd,osteichthyen,Atheriniformes,Atherinidae,Atherina,Atherina_presbyter,13.5,0.135,NA,NA,NA,1,3,2,NA,NA,NA,NA,Carnivorous,3.7,NA,DD
2015-08-01,fmd,osteichthyen,Atheriniformes,Atherinidae,Atherinomorus,Atherinomorus_lacunosus,12,0.12,NA,NA,NA,1,10,5.5,NA,NA,NA,NA,Carnivorous,3.3,NA,np
2015-08-01,fmd,osteichthyen,Atheriniformes,Atherinidae,Atherinomorus,Atherinomorus_forskalii,6,0.06,NA,NA,NA,1,10,5.5,NA,NA,NA,NA,Carnivorous,3.3,NA,np
2015-08-01,fmd,osteichthyen,Aulopiformes,Aulopidae,Aulopus,Aulopus_filamentosus,17.5,0.175,NA,NA,NA,150,1000,575,NA,NA,NA,NA,Carnivorous,4.2,NA,LC
2015-08-01,fmd,osteichthyen,Perciformes,Scombridae,Auxis,Auxis_rochei_rochei,35,0.35,NA,NA,NA,1,30,15.5,NA,NA,NA,NA,Carnivorous,4.3,NA,LC
2015-08-01,fmd,osteichthyen,Tetraodontiformes,Balistidae,Balistes,Balistes_capriscus ,32.5,0.325,NA,NA,NA,10,50,30,NA,NA,NA,NA,Carnivorous,4.1,NA,np
2015-08-01,fmd,osteichthyen,Stomiiformes,Melanostomiidae,Bathophilus,Bathophilus_nigerrimus,6,0.06,NA,NA,NA,1000,2800,1900,NA,NA,NA,NA,Piscivorous,4.2,NA,LC
2015-08-01,fmd,osteichthyen,Aulopiformes,Ipnopidae,Bathypterois,Bathypterois_dubius,15,0.15,NA,NA,NA,260,2800,1530,NA,NA,NA,NA,Carnivorous,3.4,NA,np
2015-08-01,fmd,osteichthyen,Aulopiformes,Ipnopidae,Bathypterois,Bathypterois_mediterraneus,13,0.13,NA,NA,NA,260,2800,1530,NA,NA,NA,NA,Carnivorous,3.4,NA,LC
2015-08-01,fmd,osteichthyen,Aulopiformes,Ipnopidae,Bathypterois,Bathypterois_grallator,30,0.3,NA,NA,NA,870,4700,2785,NA,NA,NA,NA,Carnivorous,3.1,NA,np
2015-08-01,fmd,osteichthyen,Pleuronectiformes,Soleidae,Bathysolea,Bathysolea_profundicola,10,0.1,NA,NA,NA,200,1300,750,NA,NA,NA,NA,Carnivorous,3.2,NA,DD
2015-08-01,fmd,osteichthyen,Ophidiiformes,Bythitidae,Bellottia,Bellottia_apoda,NA,NA,NA,NA,NA,30,500,265,NA,NA,NA,NA,Omnivorous,3.4,NA,LC
2015-08-01,fmd,osteichthyen,Beloniformes,Belonidae,Belone,Belone_belone,75,0.75,NA,NA,NA,1,5,3,NA,NA,NA,NA,Carnivorous,4.2,NA,LC
2015-08-01,fmd,osteichthyen,Beloniformes,Belonidae,Belone,Belone_svetovidovi,NA,NA,NA,NA,NA,1,5,3,NA,NA,NA,NA,Carnivorous,4.3,NA,DD
2015-08-01,fmd,osteichthyen,Ophidiiformes,Ophidiidae,Benthocometes,Benthocometes_robustus,NA,NA,NA,NA,NA,100,500,300,NA,NA,NA,NA,Carnivorous,3.1,NA,np
2015-08-01,fmd,osteichthyen,Myctophiformes,Myctophidae,Benthosema,Benthosema_glaciale,6,0.06,NA,NA,NA,1,1400,700.5,NA,NA,NA,NA,Carnivorous,3,NA,LC
2015-08-01,fmd,osteichthyen,Beryciformes,Berycidae,Beryx,Beryx_splendens,30,0.3,NA,NA,NA,180,1300,740,NA,NA,NA,NA,Carnivorous,4.3,NA,np
2015-08-01,fmd,osteichthyen,Perciformes,Blenniidae,Blennius,Blennius_ocellaris,16.5,0.165,NA,NA,NA,15,30,22.5,NA,NA,NA,NA,Carnivorous,3.5,NA,LC
2015-08-01,fmd,osteichthyen,Perciformes,Sparidae,Boops,Boops_boops,22.5,0.225,NA,NA,NA,5,30,17.5,NA,NA,NA,NA,Omnivorous,2.8,NA,LC
2015-08-01,fmd,osteichthyen,Pleuronectiformes,Bothidae,Bothus,Bothus_podas,25.5,0.255,NA,NA,NA,10,50,30,NA,NA,NA,NA,Carnivorous,3.4,NA,LC
2015-08-01,fmd,osteichthyen,Perciformes,Bramidae,Brama,Brama_brama,55,0.55,NA,NA,NA,5,800,402.5,NA,NA,NA,NA,Carnivorous,4.1,NA,DD
2015-08-01,fmd,osteichthyen,Perciformes,Gobiidae,Buenia,Buenia_affinis,NA,NA,NA,NA,NA,3,35,19,NA,NA,NA,NA,Carnivorous,3.2,NA,LC
2015-08-01,fmd,osteichthyen,Perciformes,Gobiidae,Buenia,Buenia_jeffreysii,5.5,0.055,NA,NA,NA,5,330,167.5,NA,NA,NA,NA,Carnivorous,3.6,NA,np
2015-08-01,fmd,osteichthyen,Pleuronectiformes,Soleidae,Buglossidium,Buglossidium_luteum,11.5,0.115,NA,NA,NA,10,40,25,NA,NA,NA,NA,Carnivorous,3.3,NA,LC
2015-08-01,fmd,osteichthyen,Perciformes,Callanthiidae,Callanthias,Callanthias_ruber,15,0.15,NA,NA,NA,50,500,275,NA,NA,NA,NA,Carnivorous,3.8,NA,np
2015-08-01,fmd,osteichthyen,Perciformes,Callionymidae,Callionymus,Callionymus_fasciatus,10,0.1,NA,NA,NA,20,60,40,NA,NA,NA,NA,Carnivorous,3.3,NA,LC
2015-08-01,fmd,osteichthyen,Perciformes,Callionymidae,Callionymus,Callionymus_filamentosus,7,0.07,NA,NA,NA,1,100,50.5,NA,NA,NA,NA,Carnivorous,3.3,NA,np
2015-08-01,fmd,osteichthyen,Perciformes,Callionymidae,Callionymus,Callionymus_lyra,20,0.2,NA,NA,NA,5,100,52.5,NA,NA,NA,NA,Carnivorous,3.3,NA,LC
2015-08-01,fmd,osteichthyen,Perciformes,Callionymidae,Callionymus,Callionymus_maculatus,10,0.1,NA,NA,NA,45,650,347.5,NA,NA,NA,NA,Carnivorous,3.3,NA,LC
2015-08-01,fmd,osteichthyen,Perciformes,Callionymidae,Callionymus,Callionymus_pusillus,10,0.1,NA,NA,NA,1,5,3,NA,NA,NA,NA,Carnivorous,3.3,NA,LC
2015-08-01,fmd,osteichthyen,Perciformes,Callionymidae,Callionymus,Callionymus_reticulatus,9,0.09,NA,NA,NA,1,110,55.5,NA,NA,NA,NA,Carnivorous,3.3,NA,DD
2015-08-01,fmd,osteichthyen,Perciformes,Callionymidae,Callionymus,Callionymus_risso,5.5,0.055,NA,NA,NA,10,80,45,NA,NA,NA,NA,Carnivorous,3,NA,LC
2015-08-01,fmd,osteichthyen,Perciformes,Carangidae,Campogramma,Campogramma_glaycos,67.5,0.675,NA,NA,NA,15,30,22.5,NA,NA,NA,NA,Carnivorous,4.5,NA,DD
2015-08-01,fmd,osteichthyen,Perciformes,Caproidae,Capros,Capros_aper,11.5,0.115,NA,NA,NA,100,400,250,NA,NA,NA,NA,Carnivorous,3.1,NA,np
2015-08-01,fmd,osteichthyen,Perciformes,Carangidae,Caranx,Caranx_crysos,45,0.45,NA,NA,NA,1,100,50.5,NA,NA,NA,NA,Carnivorous,4.1,NA,LC
2015-08-01,fmd,osteichthyen,Perciformes,Carangidae,Caranx,Caranx_hippos,60,0.6,NA,NA,NA,1,350,175.5,NA,NA,NA,NA,Carnivorous,3.6,NA,DD
2015-08-01,fmd,osteichthyen,Perciformes,Carangidae,Caranx,Caranx_rhonchus,52.5,0.525,NA,NA,NA,30,50,40,NA,NA,NA,NA,Carnivorous,3.6,NA,LC
2015-08-01,fmd,osteichthyen,Ophidiiformes,Carapidae,Carapus,Carapus_acus,17.5,0.175,NA,NA,NA,20,50,35,NA,NA,NA,NA,Carnivorous,4,NA,np
2015-08-01,fmd,chondrichtyen,Carcharhiniformes,Carcharhinidae,Carcharhinus,Carcharhinus_altimus,275,2.75,NA,NA,NA,90,300,195,NA,NA,NA,NA,Carnivorous,4.5,NA,DD
2015-08-01,fmd,chondrichtyen,Carcharhiniformes,Carcharhinidae,Carcharhinus,Carcharhinus_brachyurus,250,2.5,NA,NA,NA,1,360,180.5,NA,NA,NA,NA,Carnivorous,4.5,NA,DD
2015-08-01,fmd,chondrichtyen,Carcharhiniformes,Carcharhinidae,Carcharhinus,Carcharhinus_brevipinna,200,2,NA,NA,NA,1,75,38,NA,NA,NA,NA,Carnivorous,4.2,NA,DD
2015-08-01,fmd,chondrichtyen,Carcharhiniformes,Carcharhinidae,Carcharhinus,Carcharhinus_falciformis,300,3,NA,NA,NA,1,50,25.5,NA,NA,NA,NA,Carnivorous,4.5,NA,DD
2015-08-01,fmd,chondrichtyen,Carcharhiniformes,Carcharhinidae,Carcharhinus,Carcharhinus_limbatus,320,3.2,NA,NA,NA,1,50,25.5,NA,NA,NA,NA,Carnivorous,4.4,NA,DD
2015-08-01,fmd,chondrichtyen,Carcharhiniformes,Carcharhinidae,Carcharhinus,Carcharhinus_melanopterus,165,1.65,NA,NA,NA,1,30,15.5,NA,NA,NA,NA,Carnivorous,3.9,NA,LR
2015-08-01,fmd,chondrichtyen,Carcharhiniformes,Carcharhinidae,Carcharhinus,Carcharhinus_obscurus,350,3.5,NA,NA,NA,1,400,200.5,NA,NA,NA,NA,Carnivorous,4.3,NA,DD
2015-08-01,fmd,chondrichtyen,Carcharhiniformes,Carcharhinidae,Carcharhinus,Carcharhinus_plumbeus,250,2.5,NA,NA,NA,1,100,50.5,NA,NA,NA,NA,Carnivorous,4.5,NA,EN
2015-08-01,fmd,chondrichtyen,Lamniformes,Odontaspididae,Carcharias,Carcharias_taurus,300,3,NA,NA,NA,1,70,35.5,NA,NA,NA,NA,Carnivorous,4.5,NA,CR
2015-08-01,fmd,chondrichtyen,Lamniformes,Lamnidae,Carcharodon,Carcharodon_carcharias,640,6.4,NA,NA,NA,1,100,50.5,NA,NA,NA,NA,Carnivorous,4.5,NA,EN
2015-08-01,fmd,osteichthyen,Ophidiiformes,Bythitidae,Cataetyx,Cataetyx_alleni,4,0.04,NA,NA,NA,480,1000,740,NA,NA,NA,NA,Carnivorous,3.4,NA,LC
2015-08-01,fmd,osteichthyen,Ophidiiformes,Bythitidae,Cataetyx,Cataetyx_laticeps,60,0.6,NA,NA,NA,500,2400,1450,NA,NA,NA,NA,Carnivorous,3.8,NA,LC
2015-08-01,fmd,osteichthyen,Perciformes,Centracanthidae,Centracanthus,Centracanthus_cirrus,15,0.15,NA,NA,NA,10,200,105,NA,NA,NA,NA,Carnivorous,3.3,NA,LC
2015-08-01,fmd,osteichthyen,Perciformes,Labridae,Centrolabrus,Centrolabrus_exoletus,12,0.12,NA,NA,NA,2,15,8.5,NA,NA,NA,NA,Carnivorous,3.5,NA,np
2015-08-01,fmd,osteichthyen,Perciformes,Centrolophidae,Centrolophus,Centrolophus_niger,120,1.2,NA,NA,NA,5,800,402.5,NA,NA,NA,NA,Carnivorous,3.9,NA,LC
2015-08-01,fmd,chondrichtyen,Squaliformes,Centrophoridae,Centrophorus,Centrophorus_granulosus,100,1,NA,NA,NA,60,1200,630,NA,NA,NA,NA,Carnivorous,4.1,NA,np
2015-08-01,fmd,chondrichtyen,Squaliformes,Squalidae,Centroscymnus,Centroscymnus_coelolepis,92,0.92,NA,NA,NA,150,3700,1925,NA,NA,NA,NA,Carnivorous,4.5,NA,LC
2015-08-01,fmd,osteichthyen,Perciformes,Serranidae,Cephalopholis,Cephalopholis_taeniops,40,0.4,NA,NA,NA,20,300,160,NA,NA,NA,NA,Carnivorous,4.4,NA,np
2015-08-01,fmd,osteichthyen,Perciformes,Cepolidae,Cepola,Cepola_macrophthalma,45,0.45,NA,NA,NA,40,100,70,NA,NA,NA,NA,Carnivorous,3.1,NA,LC
2015-08-01,fmd,osteichthyen,Myctophiformes,Myctophidae,Ceratoscopelus,Ceratoscopelus_maderensis,5,0.05,NA,NA,NA,50,1080,565,NA,NA,NA,NA,Carnivorous,3.1,NA,LC
2015-08-01,fmd,chondrichtyen,Lamniformes,Cetorhinidae,Cetorhinus,Cetorhinus_maximus,280,2.8,NA,NA,NA,1,70,35.5,NA,NA,NA,NA,Carnivorous,3.2,NA,VU
2015-08-01,fmd,osteichthyen,Perciformes,Chaetodontidae,Chaetodon,Chaetodon_hoefleri,17.5,0.175,NA,NA,NA,10,100,55,NA,NA,NA,NA,Carnivorous,3.5,NA,np
2015-08-01,fmd,osteichthyen,Stomiiformes,Chauliodontidae,Chauliodus,Chauliodus_sloani,22,0.22,NA,NA,NA,200,4700,2450,NA,NA,NA,NA,Carnivorous,4.2,NA,np
2015-08-01,fmd,osteichthyen,Lophiiformes,Chaunacidae,Chaunax,Chaunax_pictus,29,0.29,NA,NA,NA,200,978,589,NA,NA,NA,NA,Carnivorous,4.3,NA,DD
2015-08-01,fmd,osteichthyen,Beloniformes,Exocoetidae,Cheilopogon,Cheilopogon_furcatus,25,0.25,NA,NA,NA,1,20,10.5,NA,NA,NA,NA,Carnivorous,4,NA,np
2015-08-01,fmd,osteichthyen,Beloniformes,Exocoetidae,Cheilopogon,Cheilopogon_heterurus,32.5,0.325,NA,NA,NA,1,5,3,NA,NA,NA,NA,Carnivorous,3.4,NA,DD
2015-08-01,fmd,osteichthyen,Scorpaeniformes,Triglidae,Chelidonichthys,Chelidonichthys_cuculus,37.5,0.375,NA,NA,NA,30,200,115,NA,NA,NA,NA,Carnivorous,3.8,NA,LC
2015-08-01,fmd,osteichthyen,Scorpaeniformes,Triglidae,Chelidonichthys,Chelidonichthys_lucerna,55,0.55,NA,NA,NA,20,150,85,NA,NA,NA,NA,Carnivorous,4,NA,np
2015-08-01,fmd,osteichthyen,Scorpaeniformes,Triglidae,Chelidonichthys,Chelidonichthys_obscurus,32.5,0.325,NA,NA,NA,2,70,36,NA,NA,NA,NA,Carnivorous,3.7,NA,np
2015-08-01,fmd,osteichthyen,Perciformes,Mugilidae,Chelon,Chelon_labrosus,50,0.5,NA,NA,NA,1,5,3,NA,NA,NA,NA,Omnivorous,2.6,NA,LC
2015-08-01,fmd,chondrichtyen,Chimaeriformes,Chimaeridae,Chimaera,Chimaera_monstrosa,80,0.8,NA,NA,NA,100,500,300,NA,NA,NA,NA,Carnivorous,3.5,NA,DD
2015-08-01,fmd,osteichthyen,Anguilliformes,Chlopsidae,Chlopsis,Chlopsis_bicolor,36,0.36,NA,NA,NA,20,350,185,NA,NA,NA,NA,Carnivorous,3.7,NA,np
2015-08-01,fmd,osteichthyen,Aulopiformes,Chlorophtalmidae,Chlorophthalmus,Chlorophthalmus_agassizi,17.5,0.175,NA,NA,NA,50,1000,525,NA,NA,NA,NA,Carnivorous,3.7,NA,LC
2015-08-01,fmd,osteichthyen,Perciformes,Pomacentridae,Chromis,Chromis_chromis,9,0.09,NA,NA,NA,5,15,10,NA,NA,NA,NA,Carnivorous,3.8,NA,np
2015-08-01,fmd,osteichthyen,Perciformes,Gobiidae,Chromogobius,Chromogobius_quadrivittatus,5.5,0.055,NA,NA,NA,1,5,3,NA,NA,NA,NA,Carnivorous,3.4,NA,LC
2015-08-01,fmd,osteichthyen,Perciformes,Gobiidae,Chromogobius,Chromogobius_zebratus,5,0.05,NA,NA,NA,1,5,3,NA,NA,NA,NA,Carnivorous,3.2,NA,LC
2015-08-01,fmd,osteichthyen,Pleuronectiformes,Citharidae,Citharus,Citharus_linguatula,27.5,0.275,NA,NA,NA,20,40,30,NA,NA,NA,NA,Carnivorous,4,NA,LC
2015-08-01,fmd,osteichthyen,Perciformes,Clinidae,Clinitrachus,Clinitrachus_argentatus,7.5,0.075,NA,NA,NA,0.5,1,0.75,NA,NA,NA,NA,Carnivorous,3.5,NA,np
2015-08-01,fmd,osteichthyen,Anguilliformes,Congridae,Conger,Conger_conger,175,1.75,NA,NA,NA,5,100,52.5,NA,NA,NA,NA,Carnivorous,4.3,NA,LC
2015-08-01,fmd,osteichthyen,Perciformes,Gobiidae,Corcyrogobius,Corcyrogobius_liechtensteini,2.7,0.027,NA,NA,NA,5,20,12.5,NA,NA,NA,NA,Omnivorous,3.1,NA,DD
2015-08-01,fmd,osteichthyen,Perciformes,Labridae,Coris,Coris_julis,22.5,0.225,NA,NA,NA,1,60,30.5,NA,NA,NA,NA,Carnivorous,3.4,NA,LC
2015-08-01,fmd,osteichthyen,Perciformes,Gobiidae,Coryogalops,Coryogalops_ocheticus,5,0.05,NA,NA,NA,1,5,3,NA,NA,NA,NA,Carnivorous,3.2,NA,np
2015-08-01,fmd,osteichthyen,Perciformes,Coryphaenidae,Coryphaena,Coryphaena_equiselis,50,0.5,NA,NA,NA,1,100,50.5,NA,NA,NA,NA,Carnivorous,4.5,NA,DD
2015-08-01,fmd,osteichthyen,Perciformes,Coryphaenidae,Coryphaena,Coryphaena_hippurus,100,1,NA,NA,NA,1,100,50.5,NA,NA,NA,NA,Carnivorous,4.4,NA,LC
2015-08-01,fmd,osteichthyen,Gadiformes,Macrouridae,Coryphaenoides,Coryphaenoides_guentheri,NA,NA,NA,NA,NA,1200,2600,1900,NA,NA,NA,NA,Carnivorous,3.3,NA,LC
2015-08-01,fmd,osteichthyen,Perciformes,Blenniidae,Coryphoblennius,Coryphoblennius_galerita,8.5,0.085,NA,NA,NA,0.5,1,0.75,NA,NA,NA,NA,Omnivorous,2.3,NA,LC
2015-08-01,fmd,osteichthyen,Perciformes,Sparidae,Crenidens,Crenidens_crenidens,20,0.2,NA,NA,NA,1,10,5.5,NA,NA,NA,NA,Omnivorous,2.8,NA,np
2015-08-01,fmd,osteichthyen,Perciformes,Gobiidae,Crystallogobius,Crystallogobius_linearis,4.3,0.043,NA,NA,NA,1,400,200.5,NA,NA,NA,NA,Carnivorous,3.4,NA,LC
2015-08-01,fmd,osteichthyen,Perciformes,Labridae,Ctenolabrus,Ctenolabrus_rupestris,14,0.14,NA,NA,NA,5,20,12.5,NA,NA,NA,NA,Carnivorous,3.6,NA,LC
2015-08-01,fmd,osteichthyen,Perciformes,Nomeidae,Cubiceps,Cubiceps_capensis,30,0.3,NA,NA,NA,1,3000,1500.5,NA,NA,NA,NA,Carnivorous,3.5,NA,DD
2015-08-01,fmd,osteichthyen,Tetraodontiformes,Diodontidae,Cyclichthys,Cyclichthys_spilostylus,28,0.28,NA,NA,NA,2,90,46,NA,NA,NA,NA,Carnivorous,3.5,NA,np
2015-08-01,fmd,osteichthyen,Scorpaeniformes,Cyclopteridae,Cyclopterus,Cyclopterus_lumpus,25,0.25,NA,NA,NA,50,150,100,NA,NA,NA,NA,Carnivorous,3.9,NA,np
2015-08-01,fmd,osteichthyen,Stomiiformes,Gonostomatidae,Cyclothone,Cyclothone_braueri,2,0.02,NA,NA,NA,250,900,575,NA,NA,NA,NA,Carnivorous,3.1,NA,LC
2015-08-01,fmd,osteichthyen,Stomiiformes,Gonostomatidae,Cyclothone,Cyclothone_pygmaea,2,0.02,NA,NA,NA,50,1000,525,NA,NA,NA,NA,Carnivorous,3.4,NA,LC
2015-08-01,fmd,osteichthyen,Pleuronectiformes,Cynoglossidae,Cynoglossus,Cynoglossus_sinusarabici,12,0.12,NA,NA,NA,5,15,10,NA,NA,NA,NA,Carnivorous,3.3,NA,np
2015-08-01,fmd,osteichthyen,Anguilliformes,Muraenesocidae,Cynoponticus,Cynoponticus_ferox,55,0.55,NA,NA,NA,10,100,55,NA,NA,NA,NA,Carnivorous,3.6,NA,DD
2015-08-01,fmd,osteichthyen,Scorpaeniformes,Dactylopteridae,Dactylopterus,Dactylopterus_volitans,37.5,0.375,NA,NA,NA,15,50,32.5,NA,NA,NA,NA,Carnivorous,3.7,NA,LC
2015-08-01,fmd,chondrichtyen,Squaliformes,Dalatiidae,Dalatias,Dalatias_licha,150,1.5,NA,NA,NA,300,700,500,NA,NA,NA,NA,Carnivorous,4.2,NA,DD
2015-08-01,fmd,osteichthyen,Anguilliformes,Ophichthidae,Dalophis,Dalophis_imberbis,110,1.1,NA,NA,NA,20,80,50,NA,NA,NA,NA,Carnivorous,4,NA,LC
2015-08-01,fmd,chondrichtyen,Rajiformes,Dasyatidae,Dasyatis,Dasyatis_centroura,125,1.25,NA,NA,NA,5,50,27.5,NA,NA,NA,NA,Carnivorous,3.8,NA,NT
2015-08-01,fmd,chondrichtyen,Rajiformes,Dasyatidae,Dasyatis,Dasyatis_tortonesei,65,0.65,NA,NA,NA,5,200,102.5,NA,NA,NA,NA,Carnivorous,4,NA,np
2015-08-01,fmd,osteichthyen,Perciformes,Carangidae,Decapterus,Decapterus_russelli,12,0.12,NA,NA,NA,1,100,50.5,NA,NA,NA,NA,Carnivorous,3.7,NA,np
2015-08-01,fmd,osteichthyen,Perciformes,Gobiidae,Deltentosteus,Deltentosteus_collonianus,6.5,0.065,NA,NA,NA,5,120,62.5,NA,NA,NA,NA,Carnivorous,3.6,NA,LC
2015-08-01,fmd,osteichthyen,Perciformes,Gobiidae,Deltentosteus,Deltentosteus_quadrimaculatus,7.5,0.075,NA,NA,NA,15,50,32.5,NA,NA,NA,NA,Carnivorous,3.1,NA,LC
2015-08-01,fmd,osteichthyen,Perciformes,Sparidae,Dentex,Dentex_dentex,60,0.6,NA,NA,NA,15,50,32.5,NA,NA,NA,NA,Carnivorous,4.5,NA,VU
2015-08-01,fmd,osteichthyen,Perciformes,Sparidae,Dentex,Dentex_gibbosus,67.5,0.675,NA,NA,NA,40,130,85,NA,NA,NA,NA,Carnivorous,4.1,NA,DD
2015-08-01,fmd,osteichthyen,Perciformes,Sparidae,Dentex,Dentex_macrophthalmus,47.5,0.475,NA,NA,NA,50,150,100,NA,NA,NA,NA,Carnivorous,3.5,NA,DD
2015-08-01,fmd,osteichthyen,Perciformes,Sparidae,Dentex,Dentex_maroccanus,32.5,0.325,NA,NA,NA,50,100,75,NA,NA,NA,NA,Carnivorous,3.9,NA,DD
2015-08-01,fmd,osteichthyen,Myctophiformes,Myctophidae,Diaphus,Diaphus_holti,4.5,0.045,NA,NA,NA,40,770,405,NA,NA,NA,NA,Carnivorous,3.1,NA,LC
2015-08-01,fmd,osteichthyen,Myctophiformes,Myctophidae,Diaphus,Diaphus_metopoclampus,5,0.05,NA,NA,NA,90,1080,585,NA,NA,NA,NA,Carnivorous,3.3,NA,LC
2015-08-01,fmd,osteichthyen,Myctophiformes,Myctophidae,Diaphus,Diaphus_rafinesquii,5,0.05,NA,NA,NA,40,1200,620,NA,NA,NA,NA,Carnivorous,3.4,NA,LC
2015-08-01,fmd,osteichthyen,Perciformes,Moronidae,Dicentrarchus,Dicentrarchus_labrax,80,0.8,NA,NA,NA,1,30,15.5,NA,NA,NA,NA,Carnivorous,3.5,NA,NT
2015-08-01,fmd,osteichthyen,Perciformes,Moronidae,Dicentrarchus,Dicentrarchus_punctatus,52.5,0.525,NA,NA,NA,1,10,5.5,NA,NA,NA,NA,Carnivorous,3.9,NA,LC
2015-08-01,fmd,osteichthyen,Pleuronectiformes,Soleidae,Dicologlossa,Dicologlossa_cuneata,27.5,0.275,NA,NA,NA,10,100,55,NA,NA,NA,NA,Carnivorous,3.3,NA,DD
2015-08-01,fmd,osteichthyen,Pleuronectiformes,Soleidae,Dicologlossa,Dicologlossa_hexophthalma ,18,0.18,NA,NA,NA,5,150,77.5,NA,NA,NA,NA,Carnivorous,3.4,NA,np
2015-08-01,fmd,osteichthyen,Perciformes,Gobiidae,Didogobius,Didogobius_bentuvii,3.7,0.037,NA,NA,NA,1,37,19,NA,NA,NA,NA,Omnivorous,3.2,NA,DD
2015-08-01,fmd,osteichthyen,Perciformes,Gobiidae,Didogobius,Didogobius_schlieweni,4.5,0.045,NA,NA,NA,8,12,10,NA,NA,NA,NA,Omnivorous,3.2,NA,DD
2015-08-01,fmd,osteichthyen,Perciformes,Gobiidae,Didogobius,Didogobius_splechtnai,3.25,0.0325,NA,NA,NA,4,18,11,NA,NA,NA,NA,Omnivorous,3.1,NA,DD
2015-08-01,fmd,osteichthyen,Tetraodontiformes,Diodontidae,Diodon,Diodon_hystrix,50,0.5,NA,NA,NA,5,25,15,NA,NA,NA,NA,Carnivorous,3.7,NA,np
2015-08-01,fmd,osteichthyen,Myctophiformes,Myctophidae,Diogenichthys,Diogenichthys_atlanticus,1.5,0.015,NA,NA,NA,1,1050,525.5,NA,NA,NA,NA,Carnivorous,3.1,NA,DD
2015-08-01,fmd,osteichthyen,Gobiesociformes,Gobiesocidae,Diplecogaster,Diplecogaster_bimaculata,4.25,0.0425,NA,NA,NA,10,50,30,NA,NA,NA,NA,Carnivorous,3.4,NA,LC
2015-08-01,fmd,osteichthyen,Perciformes,Sparidae,Diplodus,Diplodus_annularis,16.5,0.165,NA,NA,NA,1,20,10.5,NA,NA,NA,NA,Carnivorous,3.6,NA,LC
2015-08-01,fmd,osteichthyen,Perciformes,Sparidae,Diplodus,Diplodus_bellottii,15,0.15,NA,NA,NA,10,50,30,NA,NA,NA,NA,Carnivorous,3.6,NA,np
2015-08-01,fmd,osteichthyen,Perciformes,Sparidae,Diplodus,Diplodus_cervinus,42.5,0.425,NA,NA,NA,10,50,30,NA,NA,NA,NA,Omnivorous,3,NA,DD
2015-08-01,fmd,osteichthyen,Perciformes,Sparidae,Diplodus,Diplodus_puntazzo,35,0.35,NA,NA,NA,10,50,30,NA,NA,NA,NA,Omnivorous,3.2,NA,LC
2015-08-01,fmd,osteichthyen,Perciformes,Sparidae,Diplodus,Diplodus_sargus_sargus,25,0.25,NA,NA,NA,1,40,20.5,NA,NA,NA,NA,Carnivorous,3.4,NA,DD
2015-08-01,fmd,osteichthyen,Perciformes,Sparidae,Diplodus,Diplodus_vulgaris,25,0.25,NA,NA,NA,2,50,26,NA,NA,NA,NA,Carnivorous,3.5,NA,LC
2015-08-01,fmd,osteichthyen,Clupeiformes,Clupeidae,Dussumieria,Dussumieria_acuta,15,0.15,NA,NA,NA,1,20,10.5,NA,NA,NA,NA,Carnivorous,3.4,NA,np
2015-08-01,fmd,osteichthyen,Clupeiformes,Clupeidae,Dussumieria,Dussumieria_elopsoides,10,0.1,NA,NA,NA,1,50,25.5,NA,NA,NA,NA,Omnivorous,3.4,NA,np
2015-08-01,fmd,osteichthyen,Anguilliformes,Synaphobranchidae,Dysomma,Dysomma_brevirostre,NA,NA,NA,NA,NA,350,650,500,NA,NA,NA,NA,Carnivorous,3.6,NA,DD
2015-08-01,fmd,osteichthyen,Anguilliformes,Ophichthidae,Echelus,Echelus_myrus,90,0.9,NA,NA,NA,30,190,110,NA,NA,NA,NA,Carnivorous,4.3,NA,LC
2015-08-01,fmd,osteichthyen,Perciformes,Echeneidae,Echeneis,Echeneis_naucrates,95,0.95,NA,NA,NA,1,15,8,NA,NA,NA,NA,Carnivorous,3.7,NA,np
2015-08-01,fmd,osteichthyen,Perciformes,Trachinidae,Echiichthys,Echiichthys_vipera,11,0.11,NA,NA,NA,1,10,5.5,NA,NA,NA,NA,Carnivorous,4.4,NA,LC
2015-08-01,fmd,chondrichtyen,Squaliformes,Squalidae,Echinorhinus,Echinorhinus_brucus,200,2,NA,NA,NA,10,900,455,NA,NA,NA,NA,Carnivorous,4.4,NA,DD
2015-08-01,fmd,osteichthyen,Ophidiiformes,Carapidae,Echiodon,Echiodon_dentatus,15,0.15,NA,NA,NA,80,500,290,NA,NA,NA,NA,Carnivorous,3.7,NA,np
2015-08-01,fmd,osteichthyen,Perciformes,Carangidae,Elagatis,Elagatis_bipinnulata,80,0.8,NA,NA,NA,10,30,20,NA,NA,NA,NA,Carnivorous,4.3,NA,np
2015-08-01,fmd,osteichthyen,Scorpaeniformes,Platycephalidae,Elates,Elates_ransonnettii,15,0.15,NA,NA,NA,1,50,25.5,NA,NA,NA,NA,Carnivorous,4.1,NA,np
2015-08-01,fmd,osteichthyen,Myctophiformes,Myctophidae,Electrona,Electrona_risso,6,0.06,NA,NA,NA,90,800,445,NA,NA,NA,NA,Carnivorous,3.4,NA,LC
2015-08-01,fmd,osteichthyen,Anguilliformes,Muraenidae,Enchelycore,Enchelycore_anatina,80,0.8,NA,NA,NA,1,30,15.5,NA,NA,NA,NA,Carnivorous,4,NA,np
2015-08-01,fmd,osteichthyen,Perciformes,Engraulidae,Engraulis,Engraulis_encrasicolus,14,0.14,NA,NA,NA,1,400,200.5,NA,NA,NA,NA,Carnivorous,3.1,NA,LC
2015-08-01,fmd,osteichthyen,Syngnathiformes,Syngnathidae,Entelurus,Entelurus_ aequoreus,35,0.35,NA,NA,NA,1,20,10.5,NA,NA,NA,NA,Carnivorous,3.5,NA,np
2015-08-01,fmd,osteichthyen,Tetraodontiformes,Tetraodontidae,Ephippion,Ephippion_guttifer   ,40,0.4,NA,NA,NA,5,100,52.5,NA,NA,NA,NA,Carnivorous,3.6,NA,DD
2015-08-01,fmd,osteichthyen,Perciformes,Apogonidae,Epigonus,Epigonus_constanciae,16,0.16,NA,NA,NA,160,700,430,NA,NA,NA,NA,Carnivorous,3.4,NA,np
2015-08-01,fmd,osteichthyen,Perciformes,Apogonidae,Epigonus,Epigonus_denticulatus,19,0.19,NA,NA,NA,130,830,480,NA,NA,NA,NA,Carnivorous,3.4,NA,np
2015-08-01,fmd,osteichthyen,Perciformes,Apogonidae,Epigonus,Epigonus_telescopus,50,0.5,NA,NA,NA,75,1200,637.5,NA,NA,NA,NA,Carnivorous,3.6,NA,np
2015-08-01,fmd,osteichthyen,Perciformes,Serranidae,Epinephelus,Epinephelus_aeneus,90,0.9,NA,NA,NA,20,100,60,NA,NA,NA,NA,Carnivorous,4,NA,NT
2015-08-01,fmd,osteichthyen,Perciformes,Serranidae,Epinephelus,Epinephelus_caninus,110,1.1,NA,NA,NA,30,100,65,NA,NA,NA,NA,Carnivorous,3.8,NA,DD
2015-08-01,fmd,osteichthyen,Perciformes,Serranidae,Epinephelus,Epinephelus_coioides,70,0.7,NA,NA,NA,1,100,50.5,NA,NA,NA,NA,Carnivorous,4,NA,np
2015-08-01,fmd,osteichthyen,Perciformes,Serranidae,Epinephelus,Epinephelus_fasciatus,85,0.85,NA,NA,NA,10,100,55,NA,NA,NA,NA,Carnivorous,3.7,NA,np
2015-08-01,fmd,osteichthyen,Perciformes,Serranidae,Epinephelus,Epinephelus_malabaricus,80,0.8,NA,NA,NA,2,80,41,NA,NA,NA,NA,Carnivorous,4.2,NA,np
2015-08-01,fmd,osteichthyen,Perciformes,Serranidae,Epinephelus,Epinephelus_marginatus,90,0.9,NA,NA,NA,10,50,30,NA,NA,NA,NA,Carnivorous,4.4,NA,EN
2015-08-01,fmd,osteichthyen,Perciformes,Leiognathidae,Equulites,Equulites_klunzingeri,8,0.08,NA,NA,NA,1,10,5.5,NA,NA,NA,NA,Carnivorous,3.5,NA,np
2015-08-01,fmd,osteichthyen,Gadiformes,Moridae,Eretmophorus,Eretmophorus_kleinenbergi,NA,NA,NA,NA,NA,30,500,265,NA,NA,NA,NA,Carnivorous,3.4,NA,DD
2015-08-01,fmd,chondrichtyen,Squaliformes,Etmopteridae,Etmopterus,Etmopterus_spinax,40,0.4,NA,NA,NA,70,2000,1035,NA,NA,NA,NA,Carnivorous,4.1,NA,LC
2015-08-01,fmd,osteichthyen,Clupeiformes,Clupeidae,Etrumeus,Etrumeus_teres,15,0.15,NA,NA,NA,1,20,10.5,NA,NA,NA,NA,Carnivorous,3.6,NA,np
2015-08-01,fmd,osteichthyen,Scorpaeniformes,Liparidae,Eutelichthys,Eutelichthys_leptochirus ,3,0.03,NA,NA,NA,500,700,600,NA,NA,NA,NA,Carnivorous,3.2,NA,DD
2015-08-01,fmd,osteichthyen,Perciformes,Scombridae,Euthynnus,Euthynnus_alletteratus,80,0.8,NA,NA,NA,1,40,20.5,NA,NA,NA,NA,Carnivorous,4.5,NA,LC
2015-08-01,fmd,osteichthyen,Scorpaeniformes,Triglidae,Eutrigla,Eutrigla_gurnardus,40,0.4,NA,NA,NA,20,150,85,NA,NA,NA,NA,Carnivorous,3.9,NA,LC
2015-08-01,fmd,osteichthyen,Aulopiformes,Evermannellidae,Evermannella,Evermannella_balbo,6,0.06,NA,NA,NA,100,1000,550,NA,NA,NA,NA,Piscivorous,4.2,NA,LC
2015-08-01,fmd,osteichthyen,Beloniformes,Exocoetidae,Exocoetus,Exocoetus_obtusirostris,18,0.18,NA,NA,NA,1,5,3,NA,NA,NA,NA,Carnivorous,3.1,NA,DD
2015-08-01,fmd,osteichthyen,Beloniformes,Exocoetidae,Exocoetus,Exocoetus_volitans,22,0.22,NA,NA,NA,0,5,2.5,NA,NA,NA,NA,Carnivorous,3,NA,DD
2015-08-01,fmd,osteichthyen,Syngnathiformes,Fistulariidae,Fistularia,Fistularia_commersonii,100,1,NA,NA,NA,1,132,66.5,NA,NA,NA,NA,Carnivorous,4.3,NA,np
2015-08-01,fmd,osteichthyen,Syngnathiformes,Fistulariidae,Fistularia,Fistularia_petimba,180,1.8,NA,NA,NA,18,57,37.5,NA,NA,NA,NA,Carnivorous,4.4,NA,np
2015-08-01,fmd,osteichthyen,Gadiformes,Moridae,Gadella,Gadella_maraldi,15,0.15,NA,NA,NA,250,500,375,NA,NA,NA,NA,Carnivorous,3.5,NA,LC
2015-08-01,fmd,osteichthyen,Gadiformes,Gadidae,Gadiculus,Gadiculus_argenteus,10,0.1,NA,NA,NA,100,1000,550,NA,NA,NA,NA,Carnivorous,3.6,NA,LC
2015-08-01,fmd,osteichthyen,Gadiformes,lotidae,Gaidropsarus,Gaidropsarus_biscayensis,12,0.12,NA,NA,NA,80,600,340,NA,NA,NA,NA,Carnivorous,3.6,NA,np
2015-08-01,fmd,osteichthyen,Gadiformes,Gadidae,Gaidropsarus,Gaidropsarus_mediterraneus,27.5,0.275,NA,NA,NA,1,25,13,NA,NA,NA,NA,Carnivorous,3.5,NA,LC
2015-08-01,fmd,osteichthyen,Gadiformes,Gadidae,Gaidropsarus,Gaidropsarus_vulgaris,37.5,0.375,NA,NA,NA,30,80,55,NA,NA,NA,NA,Carnivorous,3.5,NA,LC
2015-08-01,fmd,chondrichtyen,Carcharhiniformes,Carcharhinidae,Galeocerdo,Galeocerdo_cuvier,400,4,NA,NA,NA,1,300,150.5,NA,NA,NA,NA,Omnivorous,4.5,NA,NT
2015-08-01,fmd,osteichthyen,Perciformes,Polynemidae,Galeoides,Galeoides_decadactylus,30,0.3,NA,NA,NA,1,50,25.5,NA,NA,NA,NA,Carnivorous,3.6,NA,np
2015-08-01,fmd,chondrichtyen,Carcharhiniformes,Triakidae,Galeorhinus,Galeorhinus_galeus,135,1.35,NA,NA,NA,10,470,240,NA,NA,NA,NA,Carnivorous,4.3,NA,DD
2015-08-01,fmd,chondrichtyen,Carcharhiniformes,Scyliorhinidae,Galeus,Galeus_melastomus,50,0.5,NA,NA,NA,200,600,400,NA,NA,NA,NA,Carnivorous,4.2,NA,LC
2015-08-01,fmd,osteichthyen,Perciformes,Gobiidae,Gammogobius,Gammogobius_steinitzi,3.75,0.0375,NA,NA,NA,5,20,12.5,NA,NA,NA,NA,Carnivorous,3.2,NA,np
2015-08-01,fmd,osteichthyen,Beryciformes,Trachichthyidae,Gephyroberyx,Gephyroberyx_darwinii,48,0.48,NA,NA,NA,70,500,285,NA,NA,NA,NA,Carnivorous,3.9,NA,np
2015-08-01,fmd,chondrichtyen,Rajiformes,Rhinobatidae,Glaucostegus,Glaucostegus_halavi,90,0.9,NA,NA,NA,1,40,20.5,NA,NA,NA,NA,Carnivorous,4.1,NA,np
2015-08-01,fmd,osteichthyen,Osmeriformes,Argentinidae,Glossanodon,Glossanodon_leioglossus,8,0.08,NA,NA,NA,180,600,390,NA,NA,NA,NA,Carnivorous,3.5,NA,LC
2015-08-01,fmd,osteichthyen,Anguilliformes,Congridae,Gnathophis,Gnathophis_mystax,50,0.5,NA,NA,NA,50,800,425,NA,NA,NA,NA,Carnivorous,3.5,NA,LC
2015-08-01,fmd,osteichthyen,Perciformes,Gobiidae,Gobius,Gobius_ater,4.5,0.045,NA,NA,NA,1,10,5.5,NA,NA,NA,NA,Carnivorous,3.2,NA,DD
2015-08-01,fmd,osteichthyen,Perciformes,Gobiidae,Gobius,Gobius_auratus,6.5,0.065,NA,NA,NA,10,30,20,NA,NA,NA,NA,Carnivorous,3,NA,LC
2015-08-01,fmd,osteichthyen,Perciformes,Gobiidae,Gobius,Gobius_luteus,6.5,0.065,NA,NA,NA,15,80,47.5,NA,NA,NA,NA,Carnivorous,3.1,NA,np
2015-08-01,fmd,osteichthyen,Perciformes,Gobiidae,Gobius,Gobius_bucchichi,8.5,0.085,NA,NA,NA,0.5,3,1.75,NA,NA,NA,NA,Omnivorous,3.1,NA,LC
2015-08-01,fmd,osteichthyen,Perciformes,Gobiidae,Gobius,Gobius_cobitis,22.5,0.225,NA,NA,NA,1,6,3.5,NA,NA,NA,NA,Omnivorous,3,NA,LC
2015-08-01,fmd,osteichthyen,Perciformes,Gobiidae,Gobius,Gobius_couchi,8,0.08,NA,NA,NA,1,10,5.5,NA,NA,NA,NA,Omnivorous,2.9,NA,DD
2015-08-01,fmd,osteichthyen,Perciformes,Gobiidae,Gobius,Gobius_cruentatus,14,0.14,NA,NA,NA,10,30,20,NA,NA,NA,NA,Carnivorous,3.4,NA,LC
2015-08-01,fmd,osteichthyen,Perciformes,Gobiidae,Gobius,Gobius_fallax,8,0.08,NA,NA,NA,1,20,10.5,NA,NA,NA,NA,Omnivorous,3.3,NA,DD
2015-08-01,fmd,osteichthyen,Perciformes,Gobiidae,Gobius,Gobius_geniporus,13,0.13,NA,NA,NA,5,20,12.5,NA,NA,NA,NA,Omnivorous,3.3,NA,DD
2015-08-01,fmd,osteichthyen,Perciformes,Gobiidae,Gobius,Gobius_niger,12.5,0.125,NA,NA,NA,1,10,5.5,NA,NA,NA,NA,Omnivorous,3.3,NA,LC
2015-08-01,fmd,osteichthyen,Perciformes,Gobiidae,Gobius,Gobius_paganellus,9,0.09,NA,NA,NA,1,3,2,NA,NA,NA,NA,Carnivorous,3.3,NA,LC
2015-08-01,fmd,osteichthyen,Perciformes,Gobiidae,Gobius,Gobius_roulei,6,0.06,NA,NA,NA,3,20,11.5,NA,NA,NA,NA,Carnivorous,3.2,NA,DD
2015-08-01,fmd,osteichthyen,Perciformes,Gobiidae,Gobius,Gobius_strictus,NA,NA,NA,NA,NA,25,40,32.5,NA,NA,NA,NA,Omnivorous,3.1,NA,LC
2015-08-01,fmd,osteichthyen,Perciformes,Gobiidae,Gobius,Gobius_vittatus,4.5,0.045,NA,NA,NA,20,40,30,NA,NA,NA,NA,Omnivorous,2.9,NA,DD
2015-08-01,fmd,osteichthyen,Perciformes,Gobiidae,Gobius,Gobius_xanthocephalus,NA,NA,NA,NA,NA,2,20,11,NA,NA,NA,NA,Omnivorous,3.1,NA,LC
2015-08-01,fmd,osteichthyen,Myctophiformes,Myctophidae,Gonichthys,Gonichthys_cocco,4,0.04,NA,NA,NA,1,1000,500.5,NA,NA,NA,NA,Carnivorous,3.2,NA,LC
2015-08-01,fmd,osteichthyen,Stomiiformes,Gonostomatidae,Gonostoma,Gonostoma_denudatum,10,0.1,NA,NA,NA,100,700,400,NA,NA,NA,NA,Carnivorous,3.3,NA,DD
2015-08-01,fmd,osteichthyen,Gobiesociformes,Gobiesocidae,Gouania,Gouania_willdenowi,5.5,0.055,NA,NA,NA,0.5,1,0.75,NA,NA,NA,NA,Carnivorous,3.2,NA,DD
2015-08-01,fmd,osteichthyen,Ophidiiformes,Bythitidae,Grammonus,Grammonus_ater ,9,0.09,NA,NA,NA,5,50,27.5,NA,NA,NA,NA,Carnivorous,3.5,NA,DD
2015-08-01,fmd,osteichthyen,Gadiformes,Moridae,Guttigadus,Guttigadus_latifrons,NA,NA,NA,NA,NA,770,1800,1285,NA,NA,NA,NA,Carnivorous,3.4,NA,np
2015-08-01,fmd,osteichthyen,Perciformes,Ammodytidae,Gymnamodytes,Gymnammodytes_cicerelus,15,0.15,NA,NA,NA,1,30,15.5,NA,NA,NA,NA,Carnivorous,3.4,NA,DD
2015-08-01,fmd,osteichthyen,Perciformes,Ammodytidae,Gymnamodytes,Gymnammodytes_semisquamatus,20,0.2,NA,NA,NA,10,30,20,NA,NA,NA,NA,Omnivorous,2.7,NA,np
2015-08-01,fmd,osteichthyen,Anguilliformes,Muraenidae,Gymnothorax,Gymnothorax_unicolor,85,0.85,NA,NA,NA,1,80,40.5,NA,NA,NA,NA,Carnivorous,3.4,NA,DD
2015-08-01,fmd,chondrichtyen,Rajiformes,Gymnuridae,Gymnura,Gymnura_altavela,350,3.5,NA,NA,NA,2,60,31,NA,NA,NA,NA,Carnivorous,4.5,NA,CR
2015-08-01,fmd,osteichthyen,Batrachoidiformes,Batrachoididae,Halobatrachus,Halobatrachus_didactylus,37.5,0.375,NA,NA,NA,5,30,17.5,NA,NA,NA,NA,Carnivorous,4,NA,DD
2015-08-01,fmd,osteichthyen,Albuliformes,Halosauridae,Halosaurus,Halosaurus_ovenii,45,0.45,NA,NA,NA,400,800,600,NA,NA,NA,NA,Carnivorous,3.5,NA,np
2015-08-01,fmd,osteichthyen,Scorpaeniformes,Sebastidae,Helicolenus,Helicolenus_dactylopterus,30,0.3,NA,NA,NA,100,300,200,NA,NA,NA,NA,Carnivorous,3.5,NA,LC
2015-08-01,fmd,osteichthyen,Beloniformes,Hemiramphidae,Hemiramphus,Hemiramphus_far,30,0.3,NA,NA,NA,1,10,5.5,NA,NA,NA,NA,Herbivorous,2.9,NA,np
2015-08-01,fmd,osteichthyen,Perciformes,Chaetodontidae,Heniochus,Heniochus_intermedius,14,0.14,NA,NA,NA,3,50,26.5,NA,NA,NA,NA,Carnivorous,3.5,NA,np
2015-08-01,fmd,chondrichtyen,Hexanchiformes,Hexanchiidae,Heptranchias,Heptranchias_perlo,120,1.2,NA,NA,NA,25,800,412.5,NA,NA,NA,NA,Carnivorous,4.2,NA,VU
2015-08-01,fmd,osteichthyen,Clupeiformes,Clupeidae,Herklotsichthys,Herklotsichthys_punctatus,7,0.07,NA,NA,NA,1,20,10.5,NA,NA,NA,NA,Carnivorous,3.2,NA,np
2015-08-01,fmd,chondrichtyen,Hexanchiformes,Hexanchiidae,Hexanchus,Hexanchus_griseus,400,4,NA,NA,NA,1,2000,1000.5,NA,NA,NA,NA,Carnivorous,4.5,NA,VU
2015-08-01,fmd,chondrichtyen,Rajiformes,Dasyatidae,Himantura,Himantura_uarnak,100,1,NA,NA,NA,20,50,35,NA,NA,NA,NA,Carnivorous,3.6,NA,np
2015-08-01,fmd,osteichthyen,Syngnathiformes,Syngnatidae,Hippocampus,Hippocampus_fuscus,12,0.12,NA,NA,NA,1,10,5.5,NA,NA,NA,NA,Carnivorous,3.4,NA,DD
2015-08-01,fmd,osteichthyen,Syngnathiformes,Syngnathidae,Hippocampus,Hippocampus_guttulatus ,12,0.12,NA,NA,NA,1,10,5.5,NA,NA,NA,NA,Carnivorous,3.5,NA,np
2015-08-01,fmd,osteichthyen,Syngnathiformes,Syngnathidae,Hippocampus,Hippocampus_hippocampus,10,0.1,NA,NA,NA,1,10,5.5,NA,NA,NA,NA,Carnivorous,3.2,NA,NT
2015-08-01,fmd,osteichthyen,Beryciformes,Trachichthyidae,Hoplostethus,Hoplostethus_mediterraneus,20,0.2,NA,NA,NA,200,700,450,NA,NA,NA,NA,Carnivorous,3.5,NA,LC
2015-08-01,fmd,osteichthyen,Acipenseriformes,Acipenseridae,Huso,Huso_huso,200,2,NA,NA,NA,70,120,95,NA,NA,NA,NA,Carnivorous,4.4,NA,CE
2015-08-01,fmd,osteichthyen,Myctophiformes,Myctophidae,Hygophum,Hygophum_benoiti,5,0.05,NA,NA,NA,50,700,375,NA,NA,NA,NA,Carnivorous,3,NA,LC
2015-08-01,fmd,osteichthyen,Myctophiformes,Myctophidae,Hygophum,Hygophum_hygomii,6,0.06,NA,NA,NA,1,800,400.5,NA,NA,NA,NA,Carnivorous,3,NA,LC
2015-08-01,fmd,osteichthyen,Gadiformes,Macrouridae,Hymenocephalus,Hymenocephalus_italicus,NA,NA,NA,NA,NA,100,1400,750,NA,NA,NA,NA,Carnivorous,3.4,NA,LC
2015-08-01,fmd,osteichthyen,Perciformes,Blenniidae,Hypleurochilus,Hypleurochilus_bananensis,8.5,0.085,NA,NA,NA,1,5,3,NA,NA,NA,NA,Omnivorous,3.2,NA,DD
2015-08-01,fmd,osteichthyen,Beloniformes,Hemiramphidae,Hyporhamphus,Hyporhamphus_affinis,25,0.25,NA,NA,NA,1,10,5.5,NA,NA,NA,NA,Carnivorous,3.5,NA,np
2015-08-01,fmd,osteichthyen,Beloniformes,Hemiramphidae,Hyporhamphus,Hyporhamphus_picarti,16,0.16,NA,NA,NA,1,5,3,NA,NA,NA,NA,Herbivorous,2,NA,LC
2015-08-01,fmd,osteichthyen,Perciformes,Serranidae,Hyporthodus,Hyporthodus_haifensis,75,0.75,NA,NA,NA,80,150,115,NA,NA,NA,NA,Carnivorous,4,NA,DD
2015-08-01,fmd,osteichthyen,Stomiiformes,Photichthyidae,Ichthyococcus,Ichthyococcus_ovatus,5,0.05,NA,NA,NA,150,1000,575,NA,NA,NA,NA,Carnivorous,3.4,NA,LC
2015-08-01,fmd,osteichthyen,Perciformes,Labridae,Iniistius,Iniistius_pavo,8,0.08,NA,NA,NA,5,30,17.5,NA,NA,NA,NA,Carnivorous,3.5,NA,np
2015-08-01,fmd,chondrichtyen,Lamniformes,Lamnidae,Isurus,Isurus_oxyrinchus,300,3,NA,NA,NA,1,740,370.5,NA,NA,NA,NA,Carnivorous,4.5,NA,CR
2015-08-01,fmd,osteichthyen,Perciformes,Scombridae,Katsuwonus,Katsuwonus_pelamis,80,0.8,NA,NA,NA,1,100,50.5,NA,NA,NA,NA,Carnivorous,4.4,NA,LC
2015-08-01,fmd,osteichthyen,Perciformes,Gobiidae,Knipowitschia,Knipowitschia_panizzae,3.3,0.033,NA,NA,NA,1,5,3,NA,NA,NA,NA,Omnivorous,3.5,NA,np
2015-08-01,fmd,osteichthyen,Perciformes,Kyphosidae,Kyphosus,Kyphosus_sectatrix ,55,0.55,NA,NA,NA,2,15,8.5,NA,NA,NA,NA,Omnivorous,2,NA,DD
2015-08-01,fmd,osteichthyen,Perciformes,Labridae,Labrus,Labrus_merula,35,0.35,NA,NA,NA,2,25,13.5,NA,NA,NA,NA,Carnivorous,3.6,NA,LC
2015-08-01,fmd,osteichthyen,Perciformes,Labridae,Labrus,Labrus_mixtus,32.5,0.325,NA,NA,NA,15,50,32.5,NA,NA,NA,NA,Carnivorous,3.9,NA,np
2015-08-01,fmd,osteichthyen,Perciformes,Labridae,Labrus,Labrus_viridis,35,0.35,NA,NA,NA,10,30,20,NA,NA,NA,NA,Carnivorous,3.9,NA,VU
2015-08-01,fmd,osteichthyen,Tetraodontiformes,Tetraodontidae,Lagocephalus,Lagocephalus_lagocephalus,50,0.5,NA,NA,NA,1,30,15.5,NA,NA,NA,NA,Carnivorous,3.7,NA,LC
2015-08-01,fmd,osteichthyen,Tetraodontiformes,Tetraodontidae,Lagocephalus,Lagocephalus_sceleratus,40,0.4,NA,NA,NA,18,100,59,NA,NA,NA,NA,Carnivorous,3.7,NA,np
2015-08-01,fmd,osteichthyen,Tetraodontiformes,Tetraodontidae,Lagocephalus,Lagocephalus_spadiceus,20,0.2,NA,NA,NA,1,50,25.5,NA,NA,NA,NA,Carnivorous,3.7,NA,np
2015-08-01,fmd,osteichthyen,Tetraodontiformes,Tetraodontidae,Lagocephalus,Lagocephalus_suezensis,11,0.11,NA,NA,NA,1,40,20.5,NA,NA,NA,NA,Carnivorous,3.5,NA,np
2015-08-01,fmd,osteichthyen,Myctophiformes,Myctophidae,Lampanyctus,Lampanyctus_crocodilus,20,0.2,NA,NA,NA,1,1100,550.5,NA,NA,NA,NA,Carnivorous,3.2,NA,LC
2015-08-01,fmd,osteichthyen,Myctophiformes,Myctophidae,Lampanyctus,Lampanyctus_pusillus,3,0.03,NA,NA,NA,40,850,445,NA,NA,NA,NA,Carnivorous,3.4,NA,LC
2015-08-01,fmd,agnathe,Petromezontiformes,Petromyzonidae,Lampetra,Lampetra_fluviatilis,40,0.4,NA,NA,NA,0,20,10,NA,NA,NA,NA,Piscivorous,4.5,NA,LC
2015-08-01,fmd,osteichthyen,Lampridiformes,Lamprididae,Lampris,Lampris_guttatus,120,1.2,NA,NA,NA,5,400,202.5,NA,NA,NA,NA,Carnivorous,4.2,NA,DD
2015-08-01,fmd,osteichthyen,Perciformes,Labridae,Lappanella,Lappanella_fasciata,13.5,0.135,NA,NA,NA,50,150,100,NA,NA,NA,NA,Carnivorous,3.3,NA,LC
2015-08-01,fmd,osteichthyen,Perciformes,Gobiidae,Lebetus,Lebetus_guilleti,2.4,0.024,NA,NA,NA,10,30,20,NA,NA,NA,NA,Omnivorous,3.1,NA,DD
2015-08-01,fmd,osteichthyen,Gobiesociformes,Gobiesocidae,Lepadogaster,Lepadogaster_candolii,6.5,0.065,NA,NA,NA,1,20,10.5,NA,NA,NA,NA,Carnivorous,2.8,NA,LC
2015-08-01,fmd,osteichthyen,Gobiesociformes,Gobiesocidae,Lepadogaster,Lepadogaster_lepadogaster,5.5,0.055,NA,NA,NA,0.5,1,0.75,NA,NA,NA,NA,Carnivorous,3.3,NA,LC
2015-08-01,fmd,osteichthyen,Gobiesociformes,Gobiesocidae,Lepadogaster,Lepadogaster_purpurea,NA,NA,NA,NA,NA,1,20,10.5,NA,NA,NA,NA,Carnivorous,3.3,NA,LC
2015-08-01,fmd,osteichthyen,Gadiformes,Moridae,Lepidion,Lepidion_guentheri,NA,NA,NA,NA,NA,750,800,775,NA,NA,NA,NA,Carnivorous,3.6,NA,LC
2015-08-01,fmd,osteichthyen,Gadiformes,Moridae,Lepidion,Lepidion_lepidion,15,0.15,NA,NA,NA,150,2000,1075,NA,NA,NA,NA,Omnivorous,3.6,NA,LC
2015-08-01,fmd,osteichthyen,Perciformes,Trichiuridae,Lepidopus,Lepidopus_caudatus,180,1.8,NA,NA,NA,30,400,215,NA,NA,NA,NA,Carnivorous,3.8,NA,LC
2015-08-01,fmd,osteichthyen,Pleuronectiformes,Scophthtalmidae,Lepidorhombus,Lepidorhombus_boscii,30,0.3,NA,NA,NA,150,400,275,NA,NA,NA,NA,Carnivorous,3.7,NA,LC
2015-08-01,fmd,osteichthyen,Pleuronectiformes,Scophthtalmidae,Lepidorhombus,Lepidorhombus_whiffiagonis,42.5,0.425,NA,NA,NA,50,400,225,NA,NA,NA,NA,Carnivorous,4.3,NA,LC
2015-08-01,fmd,osteichthyen,Scorpaeniformes,Triglidae,Lepidotrigla,Lepidotrigla_cavillone,11.5,0.115,NA,NA,NA,30,450,240,NA,NA,NA,NA,Carnivorous,3.3,NA,LC
2015-08-01,fmd,osteichthyen,Scorpaeniformes,Triglidae,Lepidotrigla,Lepidotrigla_dieuzeidei,10,0.1,NA,NA,NA,60,250,155,NA,NA,NA,NA,Carnivorous,3.7,NA,LC
2015-08-01,fmd,osteichthyen,Aulopiformes,Paralepididae,Lestidiops,Lestidiops_jayakari,17,0.17,NA,NA,NA,50,2000,1025,NA,NA,NA,NA,NA,4.2,NA,np
2015-08-01,fmd,osteichthyen,Perciformes,Gobiidae,Leusueurigobius,Lesueurigobius_friesii,5,0.05,NA,NA,NA,10,130,70,NA,NA,NA,NA,Omnivorous,3.2,NA,LC
2015-08-01,fmd,osteichthyen,Perciformes,Gobiidae,Leusueurigobius,Lesueurigobius_sanzi,8,0.08,NA,NA,NA,40,100,70,NA,NA,NA,NA,Carnivorous,3.6,NA,np
2015-08-01,fmd,osteichthyen,Perciformes,Gobiidae,Leusueurigobius,Lesueurigobius_suerii,5,0.05,NA,NA,NA,20,100,60,NA,NA,NA,NA,Carnivorous,3.6,NA,LC
2015-08-01,fmd,chondrichtyen,Rajiformes,Rajidae,Leucoraja,Leucoraja_circularis,70,0.7,NA,NA,NA,70,250,160,NA,NA,NA,NA,Carnivorous,3.5,NA,CR
2015-08-01,fmd,chondrichtyen,Rajiformes,Rajidae,Leucoraja,Leucoraja_fullonica,95,0.95,NA,NA,NA,100,400,250,NA,NA,NA,NA,Carnivorous,3.5,NA,NT
2015-08-01,fmd,chondrichtyen,Rajiformes,Rajidae,Leucoraja,Leucoraja_melitensis,45,0.45,NA,NA,NA,60,600,330,NA,NA,NA,NA,Carnivorous,3.3,NA,CR
2015-08-01,fmd,chondrichtyen,Rajiformes,Rajidae,Leucoraja,Leucoraja_naevus,65,0.65,NA,NA,NA,50,200,125,NA,NA,NA,NA,Carnivorous,4.2,NA,NT
2015-08-01,fmd,osteichthyen,Perciformes,Carangidae,Lichia,Lichia_amia,100,1,NA,NA,NA,1,60,30.5,NA,NA,NA,NA,Carnivorous,4.5,NA,DD
2015-08-01,fmd,osteichthyen,Perciformes,Blenniidae,Lipophrys,Lipophrys_adriaticus,4.5,0.045,NA,NA,NA,0.5,2,1.25,NA,NA,NA,NA,Omnivorous,3.4,NA,LC
2015-08-01,fmd,osteichthyen,Perciformes,Blenniidae,Lipophrys,Microlipophrys_canevae,6.5,0.065,NA,NA,NA,0.5,2,1.25,NA,NA,NA,NA,Omnivorous,2.1,NA,LC
2015-08-01,fmd,osteichthyen,Perciformes,Blenniidae,Lipophrys,Lipophrys_dalmatinus,3.5,0.035,NA,NA,NA,0.5,2,1.25,NA,NA,NA,NA,Omnivorous,4,NA,DD
2015-08-01,fmd,osteichthyen,Perciformes,Blenniidae,Lipophrys,Lipophrys_pholis,14,0.14,NA,NA,NA,1,3,2,NA,NA,NA,NA,Omnivorous,3.1,NA,np
2015-08-01,fmd,osteichthyen,Perciformes,Blenniidae,Lipophrys,Lipophrys_trigloides,11.5,0.115,NA,NA,NA,0,2,1,NA,NA,NA,NA,Omnivorous,4.5,NA,np
2015-08-01,fmd,osteichthyen,Perciformes,Sparidae,Lithognathus,Lithognathus_mormyrus,35,0.35,NA,NA,NA,5,50,27.5,NA,NA,NA,NA,Carnivorous,3.4,NA,LC
2015-08-01,fmd,osteichthyen,Perciformes,Mugilidae,Liza,Liza_aurata,35,0.35,NA,NA,NA,1,20,10.5,NA,NA,NA,NA,Omnivorous,2.8,NA,LC
2015-08-01,fmd,osteichthyen,Perciformes,Mugilidae,Liza,Liza_carinata,18,0.18,NA,NA,NA,1,10,5.5,NA,NA,NA,NA,Omnivorous,2.6,NA,np
2015-08-01,fmd,osteichthyen,Perciformes,Mugilidae,Liza,Liza_ramada,50,0.5,NA,NA,NA,1,10,5.5,NA,NA,NA,NA,Omnivorous,2.3,NA,LC
2015-08-01,fmd,osteichthyen,Perciformes,Mugilidae,Liza,Liza_saliens,37.5,0.375,NA,NA,NA,1,10,5.5,NA,NA,NA,NA,Omnivorous,2.9,NA,LC
2015-08-01,fmd,osteichthyen,Myctophiformes,Myctophidae,Lobianchia,Lobianchia_dofleini,3,0.03,NA,NA,NA,1,4000,2000.5,NA,NA,NA,NA,Carnivorous,3,NA,LC
2015-08-01,fmd,osteichthyen,Myctophiformes,Myctophidae,Lobianchia,Lobianchia_gemellarii,4,0.04,NA,NA,NA,25,800,412.5,NA,NA,NA,NA,Carnivorous,3,NA,DD
2015-08-01,fmd,osteichthyen,Perciformes,Lobotidae,Lobotes,Lobotes_surinamensis,80,0.8,NA,NA,NA,1,10,5.5,NA,NA,NA,NA,Carnivorous,4,NA,LC
2015-08-01,fmd,osteichthyen,Lophiiformes,Lophiidae,Lophius,Lophius_budegassa,50,0.5,NA,NA,NA,10,850,430,NA,NA,NA,NA,Carnivorous,4.4,NA,LC
2015-08-01,fmd,osteichthyen,Lophiiformes,Lophiidae,Lophius,Lophius_piscatorius,120,1.2,NA,NA,NA,10,1000,505,NA,NA,NA,NA,Piscivorous,4.5,NA,LC
2015-08-01,fmd,osteichthyen,Lampridiformes,Lophotidae,Lophotus,Lophotus_lacepede,100,1,NA,NA,NA,100,1000,550,NA,NA,NA,NA,Carnivorous,4.5,NA,DD
2015-08-01,fmd,osteichthyen,Perciformes,Lutjanidae,Lutjanus,Lutjanus_argentimaculatus,70,0.7,NA,NA,NA,10,120,65,NA,NA,NA,NA,Carnivorous,3.6,NA,np
2015-08-01,fmd,osteichthyen,Perciformes,Luvaridae,Luvarus,Luvarus_imperialis,152,1.52,NA,NA,NA,1,200,100.5,NA,NA,NA,NA,Carnivorous,3.8,NA,LC
2015-08-01,fmd,osteichthyen,Syngnathiformes,Centriscidae,Macroramphosus,Macroramphosus_scolopax,10,0.1,NA,NA,NA,1,30,15.5,NA,NA,NA,NA,Carnivorous,3.5,NA,np
2015-08-01,fmd,osteichthyen,Stomiiformes,Sternoptychidae,Maurolicus,Maurolicus_muelleri,4,0.04,NA,NA,NA,1,1500,750.5,NA,NA,NA,NA,Carnivorous,3,NA,LC
2015-08-01,fmd,osteichthyen,Gadiformes,Gadidae,Merlangius,Merlangius_merlangus,45,0.45,NA,NA,NA,30,100,65,NA,NA,NA,NA,Carnivorous,4.4,NA,LC
2015-08-01,fmd,osteichthyen,Gadiformes,Merluciidae,Merluccius,Merluccius_merluccius,80,0.8,NA,NA,NA,30,1000,515,NA,NA,NA,NA,Piscivorous,4.4,NA,VU
2015-08-01,fmd,osteichthyen,Pleuronectiformes,Soleidae,Microchirus,Microchirus_azevia,35,0.35,NA,NA,NA,20,250,135,NA,NA,NA,NA,Carnivorous,3.2,NA,LC
2015-08-01,fmd,osteichthyen,Pleuronectiformes,Soleidae,Microchirus,Microchirus_ocellatus,15,0.15,NA,NA,NA,10,100,55,NA,NA,NA,NA,Carnivorous,3.2,NA,LC
2015-08-01,fmd,osteichthyen,Pleuronectiformes,Soleidae,Microchirus,Microchirus_variegatus,16.5,0.165,NA,NA,NA,50,300,175,NA,NA,NA,NA,Carnivorous,3.3,NA,LC
2015-08-01,fmd,osteichthyen,Perciformes,Epigonidae,Microichthys,Microichthys_coccoi,2,0.02,NA,NA,NA,50,550,300,NA,NA,NA,NA,Carnivorous,3.1,NA,LC
2015-08-01,fmd,osteichthyen,Perciformes,Epigonidae,Microichthys,Microichthys_sanzoi,5,0.05,NA,NA,NA,50,500,275,NA,NA,NA,NA,Carnivorous,3.2,NA,LC
2015-08-01,fmd,osteichthyen,Perciformes,Blenniidae,Microlipophrys,Microlipophrys_nigriceps ,3.5,0.035,NA,NA,NA,1,5,3,NA,NA,NA,NA,Omnivorous,3.2,NA,np
2015-08-01,fmd,osteichthyen,Gadiformes,Gadidae,Micromesistius,Micromesistius_poutassou,30,0.3,NA,NA,NA,30,400,215,NA,NA,NA,NA,Carnivorous,4.1,NA,LC
2015-08-01,fmd,osteichthyen,Osmeriformes,Microstomatidae,Microstoma,Microstoma_microstoma,15,0.15,NA,NA,NA,20,200,110,NA,NA,NA,NA,Carnivorous,3.4,NA,DD
2015-08-01,fmd,osteichthyen,Perciformes,Gobiidae,Millerigobius,Millerigobius_macrocephalus,4.25,0.0425,NA,NA,NA,0.5,4,2.25,NA,NA,NA,NA,Omnivorous,3.2,NA,DD
2015-08-01,fmd,osteichthyen,Syngnathiformes,Syngnathidae,Minyichthys,Minyichthys_sentus,5,0.05,NA,NA,NA,50,100,75,NA,NA,NA,NA,Carnivorous,3.2,NA,np
2015-08-01,fmd,chondrichtyen,Rajiformes,Mobulidae,Mobula,Mobula_mobular,425,4.25,NA,NA,NA,0.5,20,10.25,NA,NA,NA,NA,Carnivorous,3.7,NA,EN
2015-08-01,fmd,osteichthyen,Tetraodontiformes,Molidae,Mola,Mola_mola,150,1.5,NA,NA,NA,1,360,180.5,NA,NA,NA,NA,Carnivorous,3.7,NA,DD
2015-08-01,fmd,osteichthyen,Gadiformes,Gadidae,Molva,Molva_dypterygia,60,0.6,NA,NA,NA,200,1000,600,NA,NA,NA,NA,Carnivorous,4.5,NA,LC
2015-08-01,fmd,osteichthyen,Gadiformes,Gadidae,Molva,Molva_molva,140,1.4,NA,NA,NA,50,300,175,NA,NA,NA,NA,Carnivorous,4.4,NA,DD
2015-08-01,fmd,osteichthyen,Pleuronectiformes,Soleidae,Monochirus,Monochirus_hispidus,11,0.11,NA,NA,NA,10,100,55,NA,NA,NA,NA,Carnivorous,3.5,NA,DD
2015-08-01,fmd,osteichthyen,Gadiformes,Moridae,Mora,Mora_moro,50,0.5,NA,NA,NA,200,800,500,NA,NA,NA,NA,Carnivorous,3.8,NA,LC
2015-08-01,fmd,osteichthyen,Perciformes,Mugilidae,Mugil,Mugil_cephalus,75,0.75,NA,NA,NA,1,10,5.5,NA,NA,NA,NA,Carnivorous,2.5,NA,LC
2015-08-01,fmd,osteichthyen,Perciformes,Mullidae,Mullus,Mullus_barbatus_barbatus,20,0.2,NA,NA,NA,30,300,165,NA,NA,NA,NA,Carnivorous,3.1,NA,LC
2015-08-01,fmd,osteichthyen,Perciformes,Mullidae,Mullus,Mullus_surmuletus,27.5,0.275,NA,NA,NA,3,80,41.5,NA,NA,NA,NA,Carnivorous,3.5,NA,LC
2015-08-01,fmd,osteichthyen,Anguilliformes,Muraenidae,Muraena,Muraena_helena,125,1.25,NA,NA,NA,5,50,27.5,NA,NA,NA,NA,Carnivorous,4.2,NA,LC
2015-08-01,fmd,osteichthyen,Anguilliformes,Muraenesocidae,Muraenesox,Muraenesox_cinereus,150,1.5,NA,NA,NA,10,300,155,NA,NA,NA,NA,Piscivorous,4.1,NA,np
2015-08-01,fmd,chondrichtyen,Carcharhiniformes,Triakidae,Mustelus,Mustelus_asterias,115,1.15,NA,NA,NA,10,200,105,NA,NA,NA,NA,Carnivorous,3.6,NA,EN
2015-08-01,fmd,chondrichtyen,Carcharhiniformes,Triakidae,Mustelus,Mustelus_mustelus,110,1.1,NA,NA,NA,10,60,35,NA,NA,NA,NA,Carnivorous,3.8,NA,EN
2015-08-01,fmd,osteichthyen,Perciformes,Serranidae,Mycteroperca,Mycteroperca_rubra,45,0.45,NA,NA,NA,15,50,32.5,NA,NA,NA,NA,Carnivorous,4.1,NA,LC
2015-08-01,fmd,osteichthyen,Myctophiformes,Myctophidae,Myctophum,Myctophum_punctatum,5,0.05,NA,NA,NA,1,1000,500.5,NA,NA,NA,NA,Carnivorous,3.4,NA,LC
2015-08-01,fmd,chondrichtyen,Rajiformes,Myliobatidae,Myliobatis,Myliobatis_aquila,110,1.1,NA,NA,NA,10,60,35,NA,NA,NA,NA,Carnivorous,3.6,NA,NT
2015-08-01,fmd,agnathe,Myxiniformes,Myxinidae,Myxine,Myxine_glutinosa,50,0.5,NA,NA,NA,20,600,310,NA,NA,NA,NA,Carnivorous,4.5,NA,LC
2015-08-01,fmd,osteichthyen,Osmeriformes,Microstomatidae,Nansenia,Nansenia_iberica,NA,NA,NA,NA,NA,500,600,550,NA,NA,NA,NA,Carnivorous,3.4,NA,DD
2015-08-01,fmd,osteichthyen,Osmeriformes,Microstomatidae,Nansenia,Nansenia_oblita,7,0.07,NA,NA,NA,300,500,400,NA,NA,NA,NA,Carnivorous,3.2,NA,DD
2015-08-01,fmd,osteichthyen,Perciformes,Carangidae,Naucrates,Naucrates_ductor,40,0.4,NA,NA,NA,1,15,8,NA,NA,NA,NA,Carnivorous,4,NA,LC
2015-08-01,fmd,osteichthyen,Anguilliformes,Nemichthyidae,Nemichthys,Nemichthys_scolopaceus,NA,NA,NA,NA,NA,1,3600,1800.5,NA,NA,NA,NA,Carnivorous,3.5,NA,LC
2015-08-01,fmd,osteichthyen,Perciformes,Nemipteridae,Nemipterus,Nemipterus_japonicus,5,0.05,NA,NA,NA,5,80,42.5,NA,NA,NA,NA,Carnivorous,3.8,NA,np
2015-08-01,fmd,osteichthyen,Perciformes,Nemipteridae,Nemipterus,Nemipterus_randalli,12,0.12,NA,NA,NA,20,200,110,NA,NA,NA,NA,Carnivorous,3.7,NA,np
2015-08-01,fmd,osteichthyen,Syngnathiformes,Syngnathidae,Nerophis,Nerophis_maculatus,22.5,0.225,NA,NA,NA,1,20,10.5,NA,NA,NA,NA,Carnivorous,3.4,NA,DD
2015-08-01,fmd,osteichthyen,Syngnathiformes,Syngnathidae,Nerophis,Nerophis_ophidion,23.5,0.235,NA,NA,NA,1,10,5.5,NA,NA,NA,NA,Carnivorous,4,NA,LC
2015-08-01,fmd,osteichthyen,Anguilliformes,Nettastomatidae,Nettastoma,Nettastoma_melanurum,70,0.7,NA,NA,NA,80,400,240,NA,NA,NA,NA,Carnivorous,3.5,NA,LC
2015-08-01,fmd,osteichthyen,Gadiformes,Macrouridae,Nezumia,Nezumia_aequalis,25,0.25,NA,NA,NA,200,2300,1250,NA,NA,NA,NA,Carnivorous,3.3,NA,LC
2015-08-01,fmd,osteichthyen,Gadiformes,Macrouridae,Nezumia,Nezumia_sclerorhynchus,30,0.3,NA,NA,NA,500,3200,1850,NA,NA,NA,NA,Carnivorous,3.2,NA,LC
2015-08-01,fmd,osteichthyen,Albuliformes,Notacanthidae,Notacanthus,Notacanthus_bonaparte,20,0.2,NA,NA,NA,400,2000,1200,NA,NA,NA,NA,Carnivorous,3.9,NA,np
2015-08-01,fmd,osteichthyen,Myctophiformes,Myctophidae,Notoscopelus,Notoscopelus_bolini,8.5,0.085,NA,NA,NA,1,1300,650.5,NA,NA,NA,NA,Carnivorous,3.2,NA,LC
2015-08-01,fmd,osteichthyen,Myctophiformes,Myctophidae,Notoscopelus,Notoscopelus_elongatus,7,0.07,NA,NA,NA,45,1000,522.5,NA,NA,NA,NA,Carnivorous,3.4,NA,DD
2015-08-01,fmd,osteichthyen,Perciformes,Sparidae,Oblada,Oblada_melanura,17.5,0.175,NA,NA,NA,1,10,5.5,NA,NA,NA,NA,Omnivorous,3.4,NA,LC
2015-08-01,fmd,osteichthyen,Perciformes,Gobiidae,Odondebuenia,Odondebuenia_balearica,3.5,0.035,NA,NA,NA,25,40,32.5,NA,NA,NA,NA,Carnivorous,3.1,NA,LC
2015-08-01,fmd,chondrichtyen,Lamniformes,Odontaspididae,Odontaspis,Odontaspis_ferox,370,3.7,NA,NA,NA,40,300,170,NA,NA,NA,NA,Carnivorous,4.2,NA,VU
2015-08-01,fmd,osteichthyen,Perciformes,Mugilidae,Oedalechilus,Oedalechilus_labeo,21.5,0.215,NA,NA,NA,1,10,5.5,NA,NA,NA,NA,Omnivorous,2.5,NA,LC
2015-08-01,fmd,osteichthyen,Perciformes,Blenniidae,Omobranchus,Omobranchus_punctatus,5,0.05,NA,NA,NA,1,5,3,NA,NA,NA,NA,Omnivorous,2.5,NA,np
2015-08-01,fmd,osteichthyen,Gobiesociformes,Gobiesocidae,Opeatogenys,Opeatogenys_gracilis,2.5,0.025,NA,NA,NA,3,20,11.5,NA,NA,NA,NA,Carnivorous,3.1,NA,np
2015-08-01,fmd,osteichthyen,Anguilliformes,Ophichthidae,Ophichthus,Ophichthus_rufus,55,0.55,NA,NA,NA,50,300,175,NA,NA,NA,NA,Carnivorous,4.3,NA,LC
2015-08-01,fmd,osteichthyen,Ophidiiformes,Ophidiidae,Ophidion,Ophidion_barbatum,23,0.23,NA,NA,NA,10,100,55,NA,NA,NA,NA,Carnivorous,3.6,NA,LC
2015-08-01,fmd,osteichthyen,Ophidiiformes,Ophidiidae,Ophidion,Ophidion_rochei,22.5,0.225,NA,NA,NA,5,20,12.5,NA,NA,NA,NA,Carnivorous,3.5,NA,LC
2015-08-01,fmd,osteichthyen,Anguilliformes,Ophichthidae,Ophisurus,Ophisurus_serpens,190,1.9,NA,NA,NA,50,300,175,NA,NA,NA,NA,Carnivorous,4.1,NA,LC
2015-08-01,fmd,osteichthyen,Perciformes,Scombridae,Orcynopsis,Orcynopsis_unicolor,115,1.15,NA,NA,NA,1,40,20.5,NA,NA,NA,NA,Piscivorous,4.5,NA,LC
2015-08-01,fmd,chondrichtyen,Squaliformes,Oxynotidae,Oxynotus,Oxynotus_centrina,90,0.9,NA,NA,NA,60,500,280,NA,NA,NA,NA,Carnivorous,3.1,NA,CR
2015-08-01,fmd,osteichthyen,Perciformes,Gobiidae,Oxyurichthys,Oxyurichthys_papuensis,9,0.09,NA,NA,NA,30,50,40,NA,NA,NA,NA,Carnivorous,3.5,NA,np
2015-08-01,fmd,osteichthyen,Perciformes,Gobiidae,Oxyurichthys,Oxyurichthys_petersi,8,0.08,NA,NA,NA,1,70,35.5,NA,NA,NA,NA,Carnivorous,NA,NA,np
2015-08-01,fmd,osteichthyen,Perciformes,Sparidae,Pagellus,Pagellus_acarne,27.5,0.275,NA,NA,NA,20,100,60,NA,NA,NA,NA,Carnivorous,3.8,NA,LC
2015-08-01,fmd,osteichthyen,Perciformes,Sparidae,Pagellus,Pagellus_bellottii,25,0.25,NA,NA,NA,10,250,130,NA,NA,NA,NA,Carnivorous,3.6,NA,np
2015-08-01,fmd,osteichthyen,Perciformes,Sparidae,Pagellus,Pagellus_bogaraveo,55,0.55,NA,NA,NA,30,300,165,NA,NA,NA,NA,Carnivorous,4.2,NA,LC
2015-08-01,fmd,osteichthyen,Perciformes,Sparidae,Pagellus,Pagellus_erythrinus,35,0.35,NA,NA,NA,20,100,60,NA,NA,NA,NA,Carnivorous,3.5,NA,LC
2015-08-01,fmd,osteichthyen,Perciformes,Sparidae,Pagrus,Pagrus_auriga,50,0.5,NA,NA,NA,10,80,45,NA,NA,NA,NA,Carnivorous,3.8,NA,DD
2015-08-01,fmd,osteichthyen,Perciformes,Sparidae,Pagrus,Pagrus_caeruleostictus,65,0.65,NA,NA,NA,20,80,50,NA,NA,NA,NA,Carnivorous,3.7,NA,DD
2015-08-01,fmd,osteichthyen,Perciformes,Sparidae,Pagrus,Pagrus_major,25,0.25,NA,NA,NA,30,200,115,NA,NA,NA,NA,Carnivorous,3.7,NA,np
2015-08-01,fmd,osteichthyen,Perciformes,Sparidae,Pagrus,Pagrus_pagrus,60,0.6,NA,NA,NA,15,100,57.5,NA,NA,NA,NA,Carnivorous,3.9,NA,LC
2015-08-01,fmd,osteichthyen,Perciformes,Stromateidae,Pampus,Pampus_argenteus,50,0.5,NA,NA,NA,1,30,15.5,NA,NA,NA,NA,Carnivorous,3.3,NA,np
2015-08-01,fmd,osteichthyen,Anguilliformes,Heterenchelyidae,Panturichthys,Panturichthys_fowleri,65,0.65,NA,NA,NA,30,60,45,NA,NA,NA,NA,Carnivorous,3.9,NA,DD
2015-08-01,fmd,osteichthyen,Scorpaeniformes,Platycephalidae,Papilloculiceps,Papilloculiceps_longiceps,70,0.7,NA,NA,NA,1,15,8,NA,NA,NA,NA,Carnivorous,4.1,NA,np
2015-08-01,fmd,osteichthyen,Perciformes,Blenniidae,Parablennius,Parablennius_gattorugine,22.5,0.225,NA,NA,NA,3,20,11.5,NA,NA,NA,NA,Carnivorous,3.6,NA,LC
2015-08-01,fmd,osteichthyen,Perciformes,Blenniidae,Parablennius,Parablennius_incognitus,6.5,0.065,NA,NA,NA,0.5,3,1.75,NA,NA,NA,NA,Carnivorous,2.7,NA,LC
2015-08-01,fmd,osteichthyen,Perciformes,Blenniidae,Parablennius,Parablennius_pilicornis,9,0.09,NA,NA,NA,1,5,3,NA,NA,NA,NA,Carnivorous,3.2,NA,LC
2015-08-01,fmd,osteichthyen,Perciformes,Blenniidae,Parablennius,Parablennius_rouxi,6.5,0.065,NA,NA,NA,3,30,16.5,NA,NA,NA,NA,Carnivorous,3,NA,LC
2015-08-01,fmd,osteichthyen,Perciformes,Blenniidae,Parablennius,Parablennius_sanguinolentus,19,0.19,NA,NA,NA,1,5,3,NA,NA,NA,NA,Carnivorous,2.1,NA,LC
2015-08-01,fmd,osteichthyen,Perciformes,Blenniidae,Parablennius,Parablennius_tentacularis,10.5,0.105,NA,NA,NA,5,15,10,NA,NA,NA,NA,Carnivorous,3.3,NA,LC
2015-08-01,fmd,osteichthyen,Perciformes,Blenniidae,Parablennius,Parablennius_zvonimiri,6.5,0.065,NA,NA,NA,1,5,3,NA,NA,NA,NA,Carnivorous,2.6,NA,DD
2015-08-01,fmd,osteichthyen,Aulopiformes,Paralepididae,Paralepis,Paralepis_coregonoides,25,0.25,NA,NA,NA,50,1000,525,NA,NA,NA,NA,Omnivorous,4.1,NA,np
2015-08-01,fmd,osteichthyen,Aulopiformes,Paralepididae,Paralepis,Paralepis_speciosa,45,0.45,NA,NA,NA,100,660,380,NA,NA,NA,NA,Carnivorous,3.2,NA,np
2015-08-01,fmd,osteichthyen,Scorpaeniformes,Liparidae,Paraliparis,Paraliparis_murieli,NA,NA,NA,NA,NA,500,600,550,NA,NA,NA,NA,Carnivorous,3.5,NA,DD
2015-08-01,fmd,osteichthyen,Perciformes,Haemulidae,Parapristipoma,Parapristipoma_octolineatum,30,0.3,NA,NA,NA,10,30,20,NA,NA,NA,NA,Carnivorous,3.6,NA,DD
2015-08-01,fmd,osteichthyen,Beloniformes,Exocoetidae,Parexocoetus,Parexocoetus_mento,10,0.1,NA,NA,NA,1,20,10.5,NA,NA,NA,NA,Carnivorous,3.3,NA,np
2015-08-01,fmd,osteichthyen,Ophidiiformes,Ophidiidae,Parophidion,Parophidion_vassali,23,0.23,NA,NA,NA,20,100,60,NA,NA,NA,NA,Carnivorous,3.5,NA,DD
2015-08-01,fmd,osteichthyen,Pleuronectiformes,Soleidae,Pegusa,Pegusa_impar,27.5,0.275,NA,NA,NA,30,100,65,NA,NA,NA,NA,Carnivorous,3.3,NA,np
2015-08-01,fmd,osteichthyen,Pleuronectiformes,Soleidae,Pegusa,Pegusa_lascaris,25,0.25,NA,NA,NA,20,50,35,NA,NA,NA,NA,Carnivorous,3.3,NA,np
2015-08-01,fmd,osteichthyen,Pleuronectiformes,Soleidae,Pegusa,Pegusa_nasuta,NA,NA,NA,NA,NA,1,150,75.5,NA,NA,NA,NA,Carnivorous,3.4,NA,np
2015-08-01,fmd,osteichthyen,Perciformes,Terapontidae,Pelates,Pelates_quadrilineatus,10,0.1,NA,NA,NA,1,10,5.5,NA,NA,NA,NA,Carnivorous,3.5,NA,np
2015-08-01,fmd,osteichthyen,Perciformes,Pempheridae,Pempheris,Pempheris_vanicolensis,12,0.12,NA,NA,NA,3,50,26.5,NA,NA,NA,NA,Carnivorous,3.5,NA,np
2015-08-01,fmd,osteichthyen,Scorpaeniformes,Peristediidae,Peristedion,Peristedion_cataphractum,27.5,0.275,NA,NA,NA,50,500,275,NA,NA,NA,NA,Carnivorous,3.6,NA,LC
2015-08-01,fmd,agnathe,Petromezontiformes,Petromyzonidae,Petromyzon,Petromyzon_marinus,75,0.75,NA,NA,NA,5,20,12.5,NA,NA,NA,NA,Carnivorous,4.4,NA,LC
2015-08-01,fmd,osteichthyen,Perciformes,Blenniidae,Petroscirtes,Petroscirtes_ancylodon,7.5,0.075,NA,NA,NA,1,10,5.5,NA,NA,NA,NA,Carnivorous,2.1,NA,np
2015-08-01,fmd,osteichthyen,Gadiformes,Gadidae,Phycis,Phycis_blennoides,60,0.6,NA,NA,NA,100,450,275,NA,NA,NA,NA,Carnivorous,3.7,NA,np
2015-08-01,fmd,osteichthyen,Gadiformes,Gadidae,Phycis,Phycis_phycis,45,0.45,NA,NA,NA,20,100,60,NA,NA,NA,NA,Carnivorous,4.3,NA,np
2015-08-01,fmd,osteichthyen,Gadiformes,Moridae,Physiculus,Physiculus_dalwigki,NA,NA,NA,NA,NA,100,300,200,NA,NA,NA,NA,Carnivorous,3.4,NA,LC
2015-08-01,fmd,osteichthyen,Perciformes,Pinguipedidae,Pinguipes,Pinguipes_brasilianus,30,0.3,NA,NA,NA,60,150,105,NA,NA,NA,NA,Carnivorous,3.8,NA,np
2015-08-01,fmd,osteichthyen,Anguilliformes,Ophichthidae,Pisodonophis,Pisodonophis_semicinctus,60,0.6,NA,NA,NA,10,30,20,NA,NA,NA,NA,Carnivorous,3.6,NA,np
2015-08-01,fmd,osteichthyen,Perciformes,Ephippidae,Platax,Platax_teira,30,0.3,NA,NA,NA,1,70,35.5,NA,NA,NA,NA,Carnivorous,4,NA,np
2015-08-01,fmd,osteichthyen,Pleuronectiformes,Pleuronectidae,Platichthys,Platichthys_flesus_luscus,37.5,0.375,NA,NA,NA,1,25,13,NA,NA,NA,NA,Carnivorous,3.3,NA,np
2015-08-01,fmd,osteichthyen,Pleuronectiformes,Pleuronectidae,Platichthys,Platichthys_flesus_flesus,30,0.3,NA,NA,NA,1,25,13,NA,NA,NA,NA,Carnivorous,3.3,NA,NT
2015-08-01,fmd,osteichthyen,Scorpaeniformes,Platycephalidae,Platycephalus,Platycephalus_indicus,80,0.8,NA,NA,NA,20,200,110,NA,NA,NA,NA,Carnivorous,3.6,NA,np
2015-08-01,fmd,osteichthyen,Perciformes,Haemulidae,Plectothinchus,Plectorhinchus_mediterraneus,55,0.55,NA,NA,NA,5,50,27.5,NA,NA,NA,NA,Carnivorous,3.5,NA,LC
2015-08-01,fmd,osteichthyen,Pleuronectiformes,Pleuronectidae,Pleuronectes,Pleuronectes_platessa,60,0.6,NA,NA,NA,5,100,52.5,NA,NA,NA,NA,Carnivorous,3.2,NA,NT
2015-08-01,fmd,osteichthyen,Siluriformes,Plotosidae,Plotosus,Plotosus_lineatus,18,0.18,NA,NA,NA,1,60,30.5,NA,NA,NA,NA,Carnivorous,3.6,NA,np
2015-08-01,fmd,osteichthyen,Perciformes,Polyprionidae,Polyprion,Polyprion_americanus,100,1,NA,NA,NA,1,1000,500.5,NA,NA,NA,NA,Carnivorous,4.1,NA,DD
2015-08-01,fmd,osteichthyen,Perciformes,Haemulidae,Pomadasys,Pomadasys_incisus,32.5,0.325,NA,NA,NA,10,40,25,NA,NA,NA,NA,Carnivorous,3.8,NA,LC
2015-08-01,fmd,osteichthyen,Perciformes,Haemulidae,Pomadasys,Pomadasys_stridens,10,0.1,NA,NA,NA,5,55,30,NA,NA,NA,NA,Carnivorous,4,NA,np
2015-08-01,fmd,osteichthyen,Perciformes,Pomatomidae,Pomatomus,Pomatomus_saltatrix,75,0.75,NA,NA,NA,10,40,25,NA,NA,NA,NA,Carnivorous,4.5,NA,LC
2015-08-01,fmd,osteichthyen,Perciformes,Gobiidae,Pomatoschistus,Pomatoschistus_bathi,3.2,0.032,NA,NA,NA,2,10,6,NA,NA,NA,NA,Carnivorous,3.3,NA,DD
2015-08-01,fmd,osteichthyen,Perciformes,Gobiidae,Pomatoschistus,Pomatoschistus_canestrinii,5.8,0.058,NA,NA,NA,2,10,6,NA,NA,NA,NA,Carnivorous,3.2,NA,LC
2015-08-01,fmd,osteichthyen,Perciformes,Gobiidae,Pomatoschistus,Pomatoschistus_knerii,3.65,0.0365,NA,NA,NA,1,10,5.5,NA,NA,NA,NA,Carnivorous,3.3,NA,DD
2015-08-01,fmd,osteichthyen,Perciformes,Gobiidae,Pomatoschistus,Pomatoschistus_marmoratus,6.25,0.0625,NA,NA,NA,1,20,10.5,NA,NA,NA,NA,Carnivorous,3.4,NA,LC
2015-08-01,fmd,osteichthyen,Perciformes,Gobiidae,Pomatoschistus,Pomatoschistus_microps,6.25,0.0625,NA,NA,NA,1,5,3,NA,NA,NA,NA,Carnivorous,3.3,NA,CR
2015-08-01,fmd,osteichthyen,Perciformes,Gobiidae,Pomatoschistus,Pomatoschistus_minutus,7.5,0.075,NA,NA,NA,1,20,10.5,NA,NA,NA,NA,Carnivorous,3.2,NA,VU
2015-08-01,fmd,osteichthyen,Perciformes,Gobiidae,Pomatoschistus,Pomatoschistus_norvegicus,6.5,0.065,NA,NA,NA,20,325,172.5,NA,NA,NA,NA,Omnivorous,3.5,NA,DD
2015-08-01,fmd,osteichthyen,Perciformes,Gobiidae,Pomatoschistus,Pomatoschistus_pictus,5.25,0.0525,NA,NA,NA,0.5,20,10.25,NA,NA,NA,NA,Carnivorous,3.1,NA,DD
2015-08-01,fmd,osteichthyen,Perciformes,Gobiidae,Pomatoschistus,Pomatoschistus_quagga,3.75,0.0375,NA,NA,NA,5,15,10,NA,NA,NA,NA,Carnivorous,3.3,NA,LC
2015-08-01,fmd,osteichthyen,Perciformes,Gobiidae,Pomatoschistus,Pomatoschistus_tortonesei,3.25,0.0325,NA,NA,NA,1,5,3,NA,NA,NA,NA,Carnivorous,3.4,NA,EN
2015-08-01,fmd,osteichthyen,Scorpaeniformes,Scorpaenidae,Pontinus,Pontinus_kuhlii,20,0.2,NA,NA,NA,100,450,275,NA,NA,NA,NA,Carnivorous,4.1,NA,DD
2015-08-01,fmd,osteichthyen,Perciformes,Priacanthidae,Priacanthus,Priacanthus_hamrur,25,0.25,NA,NA,NA,5,250,127.5,NA,NA,NA,NA,Carnivorous,3.6,NA,np
2015-08-01,fmd,chondrichtyen,Carcharhiniformes,Carcharhinidae,Prionace,Prionace_glauca,250,2.5,NA,NA,NA,1,400,200.5,NA,NA,NA,NA,Carnivorous,4.4,NA,VU
2015-08-01,fmd,chondrichtyen,Pristiformes,Pristidae,Pristis,Pristis_pectinata,550,5.5,NA,NA,NA,1,10,5.5,NA,NA,NA,NA,Carnivorous,4.5,NA,CR
2015-08-01,fmd,chondrichtyen,Pristiformes,Pristidae,Pristis,Pristis_pristis,450,4.5,NA,NA,NA,2,50,26,NA,NA,NA,NA,Carnivorous,4,NA,CR
2015-08-01,fmd,osteichthyen,Perciformes,Nomeidae,Psenes,Psenes_pellucidus,50,0.5,NA,NA,NA,1,500,250.5,NA,NA,NA,NA,Carnivorous,3.9,NA,np
2015-08-01,fmd,osteichthyen,Perciformes,Gobiidae,Pseudaphya,Pseudaphya_ferreri,3.1,0.031,NA,NA,NA,2,5,3.5,NA,NA,NA,NA,Carnivorous,3.1,NA,LC
2015-08-01,fmd,osteichthyen,Perciformes,Carangidae,Pseudocaranx,Pseudocaranx_dentex,50,0.5,NA,NA,NA,4,200,102,NA,NA,NA,NA,Omnivorous,3.9,NA,DD
2015-08-01,fmd,osteichthyen,Perciformes,Mullidae,Pseudupeneus,Pseudupeneus_prayensis,30,0.3,NA,NA,NA,10,300,155,NA,NA,NA,NA,Carnivorous,3.2,NA,np
2015-08-01,fmd,osteichthyen,Perciformes,Labridae,Pteragogus,Pteragogus_pelycus,10,0.1,NA,NA,NA,2,20,11,NA,NA,NA,NA,Carnivorous,3.5,NA,np
2015-08-01,fmd,osteichthyen,Scorpaeniformes,Scorpaenidae,Pterois,Pterois_miles,25,0.25,NA,NA,NA,1,50,25.5,NA,NA,NA,NA,Piscivorous,3.7,NA,np
2015-08-01,fmd,chondrichtyen,Rajiformes,Myliobatidae,Pteromylaeus,Pteromylaeus_bovinus,125,1.25,NA,NA,NA,2,100,51,NA,NA,NA,NA,Carnivorous,3.8,NA,DD
2015-08-01,fmd,chondrichtyen,Rajiformes,Dasyatidae,Pteroplatytrygon,Pteroplatytrygon_violacea,75,0.75,NA,NA,NA,1,100,50.5,NA,NA,NA,NA,Carnivorous,4.4,NA,NT
2015-08-01,fmd,osteichthyen,Perciformes,Rachycentridae,Rachycentron,Rachycentron_canadum,70,0.7,NA,NA,NA,1,1200,600.5,NA,NA,NA,NA,Carnivorous,4,NA,np
2015-08-01,fmd,chondrichtyen,Rajiformes,Rajidae,Raja,Raja_asterias,55,0.55,NA,NA,NA,20,80,50,NA,NA,NA,NA,Carnivorous,3.5,NA,LC
2015-08-01,fmd,chondrichtyen,Rajiformes,Rajidae,Raja,Raja_clavata,95,0.95,NA,NA,NA,10,300,155,NA,NA,NA,NA,Carnivorous,3.8,NA,NT
2015-08-01,fmd,chondrichtyen,Rajiformes,Rajidae,Raja,Raja_miraletus,55,0.55,NA,NA,NA,40,150,95,NA,NA,NA,NA,Carnivorous,3.8,NA,LC
2015-08-01,fmd,chondrichtyen,Rajiformes,Rajidae,Raja,Raja_montagui,70,0.7,NA,NA,NA,30,80,55,NA,NA,NA,NA,Carnivorous,3.9,NA,LC
2015-08-01,fmd,chondrichtyen,Rajiformes,Rajidae,Raja,Raja_polystigma,55,0.55,NA,NA,NA,100,400,250,NA,NA,NA,NA,Carnivorous,4,NA,NT
2015-08-01,fmd,chondrichtyen,Rajiformes,Rajidae,Raja,Raja_radula,65,0.65,NA,NA,NA,40,350,195,NA,NA,NA,NA,Carnivorous,3.7,NA,DD
2015-08-01,fmd,chondrichtyen,Rajiformes,Rajidae,Raja,Raja_rondeleti,45,0.45,NA,NA,NA,50,200,125,NA,NA,NA,NA,Carnivorous,3.5,NA,np
2015-08-01,fmd,osteichthyen,Tetraodontiformes,Molidae,Ranzania,Ranzania_laevis,60,0.6,NA,NA,NA,1,50,25.5,NA,NA,NA,NA,Carnivorous,3.7,NA,DD
2015-08-01,fmd,osteichthyen,Perciformes,Scombridae,Utrelliger,Rastrelliger_kanagurta,30,0.3,NA,NA,NA,1,70,35.5,NA,NA,NA,NA,Omnivorous,3.2,NA,np
2015-08-01,fmd,osteichthyen,Lampridiformes,Regalecidae,Regalecus,Regalecus_glesne,700,7,NA,NA,NA,100,1000,550,NA,NA,NA,NA,Carnivorous,3.2,NA,DD
2015-08-01,fmd,osteichthyen,Perciformes,Echeneidae,Remora,Remora_brachyptera,30,0.3,NA,NA,NA,1,50,25.5,NA,NA,NA,NA,Carnivorous,3.3,NA,DD
2015-08-01,fmd,osteichthyen,Perciformes,Echeneidae,Remora,Remora_osteochir,35,0.35,NA,NA,NA,1,50,25.5,NA,NA,NA,NA,Carnivorous,3.5,NA,DD
2015-08-01,fmd,osteichthyen,Perciformes,Echeneidae,Remora,Remora_remora,65,0.65,NA,NA,NA,1,50,25.5,NA,NA,NA,NA,Carnivorous,3.5,NA,LC
2015-08-01,fmd,osteichthyen,Perciformes,Sparidae,Rhabdosargus,Rhabdosargus_haffara,25,0.25,NA,NA,NA,2,30,16,NA,NA,NA,NA,Carnivorous,3.5,NA,np
2015-08-01,fmd,chondrichtyen,Rajiformes,Rhinobatidae,Rhinobatos,Rhinobatos_cemiculus,190,1.9,NA,NA,NA,5,50,27.5,NA,NA,NA,NA,Carnivorous,4,NA,EN
2015-08-01,fmd,chondrichtyen,Rajiformes,Rhinobatidae,Rhinobatos,Rhinobatos_rhinobatos,90,0.9,NA,NA,NA,1,100,50.5,NA,NA,NA,NA,Carnivorous,4.1,NA,EN
2015-08-01,fmd,chondrichtyen,Rajiformes,Rhinopteridae,Rhinoptera,Rhinoptera_marginata,175,1.75,NA,NA,NA,1,60,30.5,NA,NA,NA,NA,Carnivorous,3.8,NA,np
2015-08-01,fmd,chondrichtyen,Carcharhiniformes,Carcharhinidae,Rhizoprionodon,Rhizoprionodon_acutus,100,1,NA,NA,NA,1,200,100.5,NA,NA,NA,NA,Carnivorous,4.3,NA,LC
2015-08-01,fmd,osteichthyen,Anguilliformes,Congridae,Rhynchoconger,Rhynchoconger_trewavasae,50,0.5,NA,NA,NA,300,500,400,NA,NA,NA,NA,Carnivorous,3.9,NA,np
2015-08-01,fmd,osteichthyen,Gadiformes,Moridae,Rhynchogadus,Rhynchogadus_hepaticus,8,0.08,NA,NA,NA,400,700,550,NA,NA,NA,NA,Carnivorous,3.3,NA,DD
2015-08-01,fmd,chondrichtyen,Rajiformes,Rajidae,Rostroraja,Rostroraja_alba,125,1.25,NA,NA,NA,40,200,120,NA,NA,NA,NA,Carnivorous,4.4,NA,CR
2015-08-01,fmd,osteichthyen,Perciformes,Gempylidae,Ruvettus,Ruvettus_pretiosus,105,1.05,NA,NA,NA,80,700,390,NA,NA,NA,NA,Carnivorous,4.2,NA,LC
2015-08-01,fmd,osteichthyen,Perciformes,Blenniidae,Salaria,Salaria_basilisca ,14,0.14,NA,NA,NA,2,10,6,NA,NA,NA,NA,Omnivorous,NA,NA,DD
2015-08-01,fmd,osteichthyen,Perciformes,Blenniidae,Salaria,Salaria_pavo ,11,0.11,NA,NA,NA,0.5,2,1.25,NA,NA,NA,NA,Omnivorous,3.6,NA,np
2015-08-01,fmd,osteichthyen,Perciformes,Scombridae,Sarda,Sarda_sarda,75,0.75,NA,NA,NA,1,50,25.5,NA,NA,NA,NA,Carnivorous,4.5,NA,LC
2015-08-01,fmd,osteichthyen,Clupeiformes,Clupeidae,Sardina,Sardina_pilchardus,19,0.19,NA,NA,NA,5,60,32.5,NA,NA,NA,NA,Omnivorous,3.1,NA,LC
2015-08-01,fmd,osteichthyen,Clupeiformes,Clupeidae,Sardinella,Sardinella_aurita,25,0.25,NA,NA,NA,1,350,175.5,NA,NA,NA,NA,Carnivorous,3.4,NA,LC
2015-08-01,fmd,osteichthyen,Clupeiformes,Clupeidae,Sardinella,Sardinella_maderensis,26.5,0.265,NA,NA,NA,5,50,27.5,NA,NA,NA,NA,Carnivorous,3.2,NA,LC
2015-08-01,fmd,osteichthyen,Beryciformes,Holocentridae,Sargocentron,Sargocentron_rubrum,18,0.18,NA,NA,NA,1,84,42.5,NA,NA,NA,NA,Carnivorous,3.6,NA,np
2015-08-01,fmd,osteichthyen,Perciformes,Sparidae,Sarpa,Sarpa_salpa,32.5,0.325,NA,NA,NA,1,15,8,NA,NA,NA,NA,Herbivorous,2,NA,LC
2015-08-01,fmd,osteichthyen,Aulopiformes,Synodontidae,Saurida,Saurida_undosquamis,30,0.3,NA,NA,NA,20,225,122.5,NA,NA,NA,NA,Carnivorous,4.5,NA,np
2015-08-01,fmd,osteichthyen,Perciformes,Blenniidae,Scartella,Scartella_cristata,8.5,0.085,NA,NA,NA,0.5,2,1.25,NA,NA,NA,NA,Omnivorous,2.5,NA,LC
2015-08-01,fmd,osteichthyen,Perciformes,Scaridae,Scarus,Scarus_ghobban,25,0.25,NA,NA,NA,3,36,19.5,NA,NA,NA,NA,Herbivorous,2,NA,np
2015-08-01,fmd,osteichthyen,Perciformes,Centrolophidae,Schedophilus,Schedophilus_medusophagus,40,0.4,NA,NA,NA,1,100,50.5,NA,NA,NA,NA,Carnivorous,4,NA,LC
2015-08-01,fmd,osteichthyen,Perciformes,Centrolophidae,Schedophilus,Schedophilus_ovalis,70,0.7,NA,NA,NA,1,250,125.5,NA,NA,NA,NA,Carnivorous,3.5,NA,np
2015-08-01,fmd,osteichthyen,Perciformes,Sciaenidae,Sciaena,Sciaena_umbra,37.5,0.375,NA,NA,NA,10,30,20,NA,NA,NA,NA,Carnivorous,3.8,NA,VU
2015-08-01,fmd,osteichthyen,Perciformes,Scombridae,Scomber,Scomber_japonicus,30,0.3,NA,NA,NA,10,100,55,NA,NA,NA,NA,Carnivorous,3.4,NA,np
2015-08-01,fmd,osteichthyen,Perciformes,Scombridae,Scomber,Scomber_scombrus,35,0.35,NA,NA,NA,1,100,50.5,NA,NA,NA,NA,Carnivorous,3.6,NA,LC
2015-08-01,fmd,osteichthyen,Beloniformes,Scomberesocidae,Scomberesox,Scomberesox_saurus_saurus,40,0.4,NA,NA,NA,1,15,8,NA,NA,NA,NA,Carnivorous,3.9,NA,LC
2015-08-01,fmd,osteichthyen,Perciformes,Scombridae,Scomberomorus,Scomberomorus_commerson,100,1,NA,NA,NA,1,220,110.5,NA,NA,NA,NA,Carnivorous,4.5,NA,np
2015-08-01,fmd,osteichthyen,Perciformes,Scombridae,Scomberomorus,Scomberomorus_tritor,60,0.6,NA,NA,NA,1,15,8,NA,NA,NA,NA,Carnivorous,4.3,NA,LC
2015-08-01,fmd,osteichthyen,Pleuronectiformes,Scophthtalmidae,Scophthalmus,Scophthalmus_maximus ,65,0.65,NA,NA,NA,2,70,36,NA,NA,NA,NA,Carnivorous,4.4,NA,NT
2015-08-01,fmd,osteichthyen,Pleuronectiformes,Scophthtalmidae,Scophthalmus,Scophthalmus_rhombus,67.5,0.675,NA,NA,NA,2,70,36,NA,NA,NA,NA,Carnivorous,4.4,NA,LC
2015-08-01,fmd,osteichthyen,Scorpaeniformes,Scorpaenidae,Scorpaena,Scorpaena_elongata,45,0.45,NA,NA,NA,150,500,325,NA,NA,NA,NA,Carnivorous,3.9,NA,LC
2015-08-01,fmd,osteichthyen,Scorpaeniformes,Scorpaenidae,Scorpaena,Scorpaena_loppei,9,0.09,NA,NA,NA,100,200,150,NA,NA,NA,NA,Carnivorous,3.5,NA,LC
2015-08-01,fmd,osteichthyen,Scorpaeniformes,Scorpaenidae,Scorpaena,Scorpaena_maderensis,11,0.11,NA,NA,NA,3,20,11.5,NA,NA,NA,NA,Carnivorous,4.1,NA,LC
2015-08-01,fmd,osteichthyen,Scorpaeniformes,Scorpaenidae,Scorpaena,Scorpaena_notata,16,0.16,NA,NA,NA,10,50,30,NA,NA,NA,NA,Carnivorous,3.7,NA,LC
2015-08-01,fmd,osteichthyen,Scorpaeniformes,Scorpaenidae,Scorpaena,Scorpaena_porcus,23.5,0.235,NA,NA,NA,5,20,12.5,NA,NA,NA,NA,Carnivorous,3.9,NA,LC
2015-08-01,fmd,osteichthyen,Scorpaeniformes,Scorpaenidae,Scorpaena,Scorpaena_scrofa,37.5,0.375,NA,NA,NA,20,100,60,NA,NA,NA,NA,Carnivorous,4.3,NA,LC
2015-08-01,fmd,osteichthyen,Scorpaeniformes,Scorpaenidae,Scorpaena,Scorpaena_stephanica,30,0.3,NA,NA,NA,80,600,340,NA,NA,NA,NA,Carnivorous,4,NA,np
2015-08-01,fmd,osteichthyen,Scorpaeniformes,Scorpaenidae,Scorpaenodes,Scorpaenodes_arenai,10,0.1,NA,NA,NA,20,50,35,NA,NA,NA,NA,Carnivorous,3.6,NA,DD
2015-08-01,fmd,chondrichtyen,Carcharhiniformes,Scyliorhinidae,Scyliorhinus,Scyliorhinus_canicula,65,0.65,NA,NA,NA,20,100,60,NA,NA,NA,NA,Carnivorous,3.8,NA,LC
2015-08-01,fmd,chondrichtyen,Carcharhiniformes,Scyliorhinidae,Scyliorhinus,Scyliorhinus_stellaris,110,1.1,NA,NA,NA,10,60,35,NA,NA,NA,NA,Carnivorous,4,NA,NT
2015-08-01,fmd,osteichthyen,Scorpaeniformes,Scorpaenidae,Sebastapistes,Sebastapistes_nuchalis,7,0.07,NA,NA,NA,1,10,5.5,NA,NA,NA,NA,Carnivorous,3.8,NA,np
2015-08-01,fmd,osteichthyen,Perciformes,Carangidae,Selene,Selene_dorsalis,20,0.2,NA,NA,NA,10,100,55,NA,NA,NA,NA,Carnivorous,4.1,NA,np
2015-08-01,fmd,osteichthyen,Perciformes,Carangidae,Seriola,Seriola_carpenteri,45,0.45,NA,NA,NA,1,200,100.5,NA,NA,NA,NA,Carnivorous,4.5,NA,np
2015-08-01,fmd,osteichthyen,Perciformes,Carangidae,Seriola,Seriola_dumerili,100,1,NA,NA,NA,20,70,45,NA,NA,NA,NA,Carnivorous,4.5,NA,LC
2015-08-01,fmd,osteichthyen,Perciformes,Carangidae,Seriola,Seriola_fasciata,50,0.5,NA,NA,NA,20,70,45,NA,NA,NA,NA,Carnivorous,4.5,NA,np
2015-08-01,fmd,osteichthyen,Perciformes,Carangidae,Seriola,Seriola_rivoliana,80,0.8,NA,NA,NA,30,70,50,NA,NA,NA,NA,Carnivorous,4.5,NA,np
2015-08-01,fmd,osteichthyen,Perciformes,Serranidae,Serranus,Serranus_atricauda,20,0.2,NA,NA,NA,10,50,30,NA,NA,NA,NA,Carnivorous,4.3,NA,LC
2015-08-01,fmd,osteichthyen,Perciformes,Serranidae,Serranus,Serranus_cabrilla,27.5,0.275,NA,NA,NA,5,500,252.5,NA,NA,NA,NA,Carnivorous,3.4,NA,LC
2015-08-01,fmd,osteichthyen,Perciformes,Serranidae,Serranus,Serranus_hepatus,12.5,0.125,NA,NA,NA,30,200,115,NA,NA,NA,NA,Carnivorous,3.5,NA,LC
2015-08-01,fmd,osteichthyen,Perciformes,Serranidae,Serranus,Serranus_scriba,27.5,0.275,NA,NA,NA,5,30,17.5,NA,NA,NA,NA,Carnivorous,3.8,NA,LC
2015-08-01,fmd,osteichthyen,Perciformes,Siganidae,Siganus,Siganus_luridus,20,0.2,NA,NA,NA,1,40,20.5,NA,NA,NA,NA,Herbivorous,2,NA,np
2015-08-01,fmd,osteichthyen,Perciformes,Siganidae,Siganus,Siganus_rivulatus,25,0.25,NA,NA,NA,1,60,30.5,NA,NA,NA,NA,Carnivorous,2,NA,np
2015-08-01,fmd,osteichthyen,Perciformes,Gobiidae,Silhouettea,Silhouettea_aegyptia,3.5,0.035,NA,NA,NA,1,5,3,NA,NA,NA,NA,Carnivorous,3.3,NA,np
2015-08-01,fmd,osteichthyen,Perciformes,Sillaginidae,Sillago,Sillago_sihama,20,0.2,NA,NA,NA,1,20,10.5,NA,NA,NA,NA,Carnivorous,3.3,NA,np
2015-08-01,fmd,osteichthyen,Pleuronectiformes,Soleidae,Solea,Solea_aegyptiaca,25,0.25,NA,NA,NA,1,50,25.5,NA,NA,NA,NA,Carnivorous,3.2,NA,LC
2015-08-01,fmd,osteichthyen,Pleuronectiformes,Soleidae,Solea,Solea_senegalensis,45,0.45,NA,NA,NA,12,65,38.5,NA,NA,NA,NA,Carnivorous,3.3,NA,np
2015-08-01,fmd,osteichthyen,Pleuronectiformes,Soleidae,Solea,Solea_solea,37.5,0.375,NA,NA,NA,1,80,40.5,NA,NA,NA,NA,Carnivorous,3.2,NA,LC
2015-08-01,fmd,chondrichtyen,Squaliformes,Somniosidae,Somniosus,Somniosus_rostratus,100,1,NA,NA,NA,200,1000,600,NA,NA,NA,NA,Carnivorous,4.2,NA,LC
2015-08-01,fmd,osteichthyen,Scorpaeniformes,Platycephalidae,Sorsogona,Sorsogona_prionota,11,0.11,NA,NA,NA,1,100,50.5,NA,NA,NA,NA,Carnivorous,3.7,NA,np
2015-08-01,fmd,osteichthyen,Perciformes,Scaridae,Sparisoma,Sparisoma_cretense,30,0.3,NA,NA,NA,3,20,11.5,NA,NA,NA,NA,Herbivorous,2.9,NA,LC
2015-08-01,fmd,osteichthyen,Perciformes,Sparidae,Sparus,Sparus_aurata,55,0.55,NA,NA,NA,10,30,20,NA,NA,NA,NA,Omnivorous,3.7,NA,LC
2015-08-01,fmd,osteichthyen,Perciformes,Gobiidae,Speleogobius,Speleogobius_trigloides,2.1,0.021,NA,NA,NA,8,30,19,NA,NA,NA,NA,Omnivorous,3,NA,DD
2015-08-01,fmd,osteichthyen,Tetraodontiformes,Tetraodontidae,Sphoeroides,Sphoeroides_marmoratus,10,0.1,NA,NA,NA,3,90,46.5,NA,NA,NA,NA,Herbivorous,3.2,NA,np
2015-08-01,fmd,osteichthyen,Tetraodontiformes,Tetraodontidae,Sphoeroides,Sphoeroides_pachygaster,15,0.15,NA,NA,NA,20,200,110,NA,NA,NA,NA,Carnivorous,4.2,NA,VU
2015-08-01,fmd,osteichthyen,Tetraodontiformes,Tetraodontidae,Sphoeroides,Sphoeroides_cutaneus,20,0.2,NA,NA,NA,20,200,110,NA,NA,NA,NA,Carnivorous,4.2,NA,np
2015-08-01,fmd,osteichthyen,Tetraodontiformes,Tetraodontidae,Sphoeroides,Sphoeroides_spengleri,12,0.12,NA,NA,NA,2,70,36,NA,NA,NA,NA,Carnivorous,3.3,NA,np
2015-08-01,fmd,osteichthyen,Perciformes,Sphyraenidae,Sphyraena,Sphyraena_chrysotaenia,30,0.3,NA,NA,NA,1,20,10.5,NA,NA,NA,NA,Carnivorous,4,NA,np
2015-08-01,fmd,osteichthyen,Perciformes,Sphyraenidae,Sphyraena,Sphyraena_flavicauda,35,0.35,NA,NA,NA,2,25,13.5,NA,NA,NA,NA,Carnivorous,3.8,NA,np
2015-08-01,fmd,osteichthyen,Perciformes,Sphyraenidae,Sphyraena,Sphyraena_sphyraena,70,0.7,NA,NA,NA,5,40,22.5,NA,NA,NA,NA,Carnivorous,4,NA,LC
2015-08-01,fmd,osteichthyen,Perciformes,Sphyraenidae,Sphyraena,Sphyraena_viridensis,100,1,NA,NA,NA,5,30,17.5,NA,NA,NA,NA,Carnivorous,4.3,NA,LC
2015-08-01,fmd,chondrichtyen,Carcharhiniformes,Sphyrnidae,Sphyrna,Sphyrna_lewini,360,3.6,NA,NA,NA,1,500,250.5,NA,NA,NA,NA,Carnivorous,4.1,NA,DD
2015-08-01,fmd,chondrichtyen,Carcharhiniformes,Sphyrnidae,Sphyrna,Sphyrna_mokarran,370,3.7,NA,NA,NA,1,300,150.5,NA,NA,NA,NA,Carnivorous,4.3,NA,DD
2015-08-01,fmd,chondrichtyen,Carcharhiniformes,Sphyrnidae,Sphyrna,Sphyrna_tudes,NA,NA,NA,NA,NA,1,12,6.5,NA,NA,NA,NA,Carnivorous,3.6,NA,VU
2015-08-01,fmd,chondrichtyen,Carcharhiniformes,Sphyrnidae,Sphyrna,Sphyrna_zygaena,380,3.8,NA,NA,NA,1,20,10.5,NA,NA,NA,NA,Carnivorous,4.9,NA,VU
2015-08-01,fmd,osteichthyen,Perciformes,Centracanthidae,Spicara,Spicara_flexuosa,20,0.2,NA,NA,NA,5,50,27.5,NA,NA,NA,NA,Carnivorous,NA,NA,np
2015-08-01,fmd,osteichthyen,Perciformes,Centracanthidae,Spicara,Spicara_maena,21.5,0.215,NA,NA,NA,5,50,27.5,NA,NA,NA,NA,Carnivorous,4.2,NA,LC
2015-08-01,fmd,osteichthyen,Perciformes,Centracanthidae,Spicara,Spicara_smaris,17.5,0.175,NA,NA,NA,15,70,42.5,NA,NA,NA,NA,Carnivorous,3,NA,LC
2015-08-01,fmd,osteichthyen,Perciformes,Sparidae,Spondyliosoma,Spondyliosoma_cantharus,37.5,0.375,NA,NA,NA,10,60,35,NA,NA,NA,NA,Omnivorous,3.3,NA,LC
2015-08-01,fmd,osteichthyen,Clupeiformes,Clupeidae,Spratelloides,Spratelloides_delicatulus,6,0.06,NA,NA,NA,1,20,10.5,NA,NA,NA,NA,Carnivorous,3.1,NA,np
2015-08-01,fmd,osteichthyen,Clupeiformes,Clupeidae,Sprattus,Sprattus_sprattus,12,0.12,NA,NA,NA,5,50,27.5,NA,NA,NA,NA,Omnivorous,3,NA,DD
2015-08-01,fmd,chondrichtyen,Squaliformes,Squalidae,Squalus,Squalus_acanthias,90,0.9,NA,NA,NA,10,200,105,NA,NA,NA,NA,Carnivorous,4.4,NA,EN
2015-08-01,fmd,chondrichtyen,Squaliformes,Squalidae,Squalus,Squalus_blainville,80,0.8,NA,NA,NA,15,700,357.5,NA,NA,NA,NA,Carnivorous,4,NA,DD
2015-08-01,fmd,chondrichtyen,Squaliformes,Centrophoridae,Centrophorus,Centrophorus_uyato,90,0.9,NA,NA,NA,50,1400,725,NA,NA,NA,NA,Carnivorous,4.5,NA,np
2015-08-01,fmd,chondrichtyen,Squatiniformes,Squatinidae,Squatina,Squatina_aculeata,160,1.6,NA,NA,NA,30,500,265,NA,NA,NA,NA,Carnivorous,4,NA,CR
2015-08-01,fmd,chondrichtyen,Squatiniformes,Squatinidae,Squatina,Squatina_oculata,150,1.5,NA,NA,NA,20,100,60,NA,NA,NA,NA,Piscivorous,4,NA,CR
2015-08-01,fmd,chondrichtyen,Squatiniformes,Squatinidae,Squatina,Squatina_squatina,190,1.9,NA,NA,NA,5,100,52.5,NA,NA,NA,NA,Carnivorous,4.1,NA,CR
2015-08-01,fmd,osteichthyen,Tetraodontiformes,Monacanthidae,Stephanolepis,Stephanolepis_diaspros,18,0.18,NA,NA,NA,1,60,30.5,NA,NA,NA,NA,Carnivorous,2.8,NA,np
2015-08-01,fmd,osteichthyen,Stomiiformes,Stomiidae,Stomias,Stomias_boa_boa,20,0.2,NA,NA,NA,1000,4000,2500,NA,NA,NA,NA,Carnivorous,4,NA,LC
2015-08-01,fmd,osteichthyen,Perciformes,Stromateidae,Stromateus,Stromateus_fiatola,45,0.45,NA,NA,NA,10,70,40,NA,NA,NA,NA,Carnivorous,4,NA,DD
2015-08-01,fmd,osteichthyen,Aulopiformes,Paralepididae,Sudis,Sudis_hyalina,NA,NA,NA,NA,NA,200,2000,1100,NA,NA,NA,NA,Carnivorous,4.1,NA,np
2015-08-01,fmd,osteichthyen,Myctophiformes,Myctophidae,Symbolophorus,Symbolophorus_veranyi,9,0.09,NA,NA,NA,1,800,400.5,NA,NA,NA,NA,Carnivorous,3.3,NA,LC
2015-08-01,fmd,osteichthyen,Perciformes,Labridae,Symphodus,Symphodus_bailloni,16.5,0.165,NA,NA,NA,1,50,25.5,NA,NA,NA,NA,Carnivorous,3.3,NA,DD
2015-08-01,fmd,osteichthyen,Perciformes,Labridae,Symphodus,Symphodus_cinereus,9,0.09,NA,NA,NA,5,20,12.5,NA,NA,NA,NA,Carnivorous,3.5,NA,LC
2015-08-01,fmd,osteichthyen,Perciformes,Labridae,Symphodus,Symphodus_doderleini,8,0.08,NA,NA,NA,5,30,17.5,NA,NA,NA,NA,Carnivorous,3.4,NA,LC
2015-08-01,fmd,osteichthyen,Perciformes,Labridae,Symphodus,Symphodus_mediterraneus,10,0.1,NA,NA,NA,3,20,11.5,NA,NA,NA,NA,Carnivorous,3.2,NA,LC
2015-08-01,fmd,osteichthyen,Perciformes,Labridae,Symphodus,Symphodus_melanocercus,10,0.1,NA,NA,NA,3,15,9,NA,NA,NA,NA,Carnivorous,3.2,NA,LC
2015-08-01,fmd,osteichthyen,Perciformes,Labridae,Symphodus,Symphodus_melops,17.5,0.175,NA,NA,NA,2,15,8.5,NA,NA,NA,NA,Carnivorous,3.4,NA,LC
2015-08-01,fmd,osteichthyen,Perciformes,Labridae,Symphodus,Symphodus_ocellatus,9,0.09,NA,NA,NA,1,15,8,NA,NA,NA,NA,Carnivorous,3.5,NA,LC
2015-08-01,fmd,osteichthyen,Perciformes,Labridae,Symphodus,Symphodus_roissali,13.5,0.135,NA,NA,NA,1,10,5.5,NA,NA,NA,NA,Carnivorous,3.5,NA,LC
2015-08-01,fmd,osteichthyen,Perciformes,Labridae,Symphodus,Symphodus_rostratus,9,0.09,NA,NA,NA,3,20,11.5,NA,NA,NA,NA,Carnivorous,3.5,NA,LC
2015-08-01,fmd,osteichthyen,Perciformes,Labridae,Symphodus,Symphodus_tinca,27.5,0.275,NA,NA,NA,1,20,10.5,NA,NA,NA,NA,Carnivorous,3.3,NA,LC
2015-08-01,fmd,osteichthyen,Pleuronectiformes,Cynoglossidae,Symphurus,Symphurus_ligulatus,8,0.08,NA,NA,NA,20,800,410,NA,NA,NA,NA,Carnivorous,3.5,NA,LC
2015-08-01,fmd,osteichthyen,Pleuronectiformes,Cynoglossidae,Symphurus,Symphurus_nigrescens,10,0.1,NA,NA,NA,50,1000,525,NA,NA,NA,NA,Carnivorous,3.5,NA,LC
2015-08-01,fmd,osteichthyen,Perciformes,Acropomatidae,Synagrops,Synagrops_japonicus,30,0.3,NA,NA,NA,250,450,350,NA,NA,NA,NA,Carnivorous,4.3,NA,np
2015-08-01,fmd,osteichthyen,Pleuronectiformes,Soleidae,Synaptura,Synaptura_lusitanica_lusitanica,30,0.3,NA,NA,NA,5,60,32.5,NA,NA,NA,NA,Carnivorous,3.5,NA,np
2015-08-01,fmd,osteichthyen,Pleuronectiformes,Soleidae,Synapturichthys,Synapturichthys_kleinii,30,0.3,NA,NA,NA,20,120,70,NA,NA,NA,NA,Carnivorous,3.6,NA,np
2015-08-01,fmd,osteichthyen,Perciformes,Callionymidae,Synchiropus,Synchiropus_phaeton,10,0.1,NA,NA,NA,80,650,365,NA,NA,NA,NA,Carnivorous,3.4,NA,LC
2015-08-01,fmd,osteichthyen,Syngnathiformes,Syngnathidae,Syngnathus,Syngnathus_abaster,12.5,0.125,NA,NA,NA,1,5,3,NA,NA,NA,NA,Carnivorous,3.2,NA,DD
2015-08-01,fmd,osteichthyen,Syngnathiformes,Syngnathidae,Syngnathus,Syngnathus_acus,35,0.35,NA,NA,NA,1,15,8,NA,NA,NA,NA,Carnivorous,3.3,NA,NT
2015-08-01,fmd,osteichthyen,Syngnathiformes,Syngnathidae,Syngnathus,Syngnathus_phlegon,15,0.15,NA,NA,NA,1,50,25.5,NA,NA,NA,NA,Carnivorous,3.5,NA,DD
2015-08-01,fmd,osteichthyen,Syngnathiformes,Syngnathidae,Syngnathus,Syngnathus_rostellatus,15,0.15,NA,NA,NA,1,15,8,NA,NA,NA,NA,Carnivorous,3.7,NA,np
2015-08-01,fmd,osteichthyen,Syngnathiformes,Syngnathidae,Syngnathus,Syngnathus_taenionotus,22.5,0.225,NA,NA,NA,1,20,10.5,NA,NA,NA,NA,Carnivorous,3.4,NA,EN
2015-08-01,fmd,osteichthyen,Syngnathiformes,Syngnathidae,Syngnathus,Syngnathus_tenuirostris,33,0.33,NA,NA,NA,1,25,13,NA,NA,NA,NA,Carnivorous,3.4,NA,NT
2015-08-01,fmd,osteichthyen,Syngnathiformes,Syngnathidae,Syngnathus,Syngnathus_typhle,30,0.3,NA,NA,NA,5,20,12.5,NA,NA,NA,NA,Carnivorous,4.3,NA,NT
2015-08-01,fmd,osteichthyen,Aulopiformes,Synodontidae,Synodus,Synodus_saurus,27.5,0.275,NA,NA,NA,5,50,27.5,NA,NA,NA,NA,Piscivorous,4.5,NA,LC
2015-08-01,fmd,chondrichtyen,Rajiformes,Dasyatidae,Taeniura,Taeniura_grabata,90,0.9,NA,NA,NA,10,300,155,NA,NA,NA,NA,Carnivorous,4,NA,DD
2015-08-01,fmd,osteichthyen,Scorpaeniformes,Cottidae,Taurulus,Taurulus_bubalis,15,0.15,NA,NA,NA,1,30,15.5,NA,NA,NA,NA,Carnivorous,3.6,NA,DD
2015-08-01,fmd,osteichthyen,Perciformes,Teraponidae,Terapon,Terapon_puta,10,0.1,NA,NA,NA,1,10,5.5,NA,NA,NA,NA,Carnivorous,3.1,NA,np
2015-08-01,fmd,osteichthyen,Perciformes,Teraponidae,Terapon,Terapon_theraps,12,0.12,NA,NA,NA,1,10,5.5,NA,NA,NA,NA,Carnivorous,3.5,NA,np
2015-08-01,fmd,osteichthyen,Perciformes,Tetragonuridae,Tetragonurus,Tetragonurus_cuvieri,50,0.5,NA,NA,NA,1,800,400.5,NA,NA,NA,NA,Omnivorous,3.8,NA,LC
2015-08-01,fmd,osteichthyen,Perciformes,Istiophoridae,Tetrapturus,Tetrapturus_albidus,200,2,NA,NA,NA,1,50,25.5,NA,NA,NA,NA,Carnivorous,4.5,NA,DD
2015-08-01,fmd,osteichthyen,Perciformes,Istiophoridae,Tetrapturus,Tetrapturus_belone,200,2,NA,NA,NA,1,200,100.5,NA,NA,NA,NA,Carnivorous,4.5,NA,LC
2015-08-01,fmd,osteichthyen,Perciformes,Istiophoridae,Tetrapturus,Tetrapturus_georgii,150,1.5,NA,NA,NA,1,200,100.5,NA,NA,NA,NA,Carnivorous,4.4,NA,np
2015-08-01,fmd,osteichthyen,Tetraodontiformes,Ostraciidae,Tetrosomus,Tetrosomus_gibbosus,20,0.2,NA,NA,NA,1,100,50.5,NA,NA,NA,NA,Carnivorous,3.5,NA,np
2015-08-01,fmd,osteichthyen,Perciformes,Labridae,Thalassoma,Thalassoma_pavo,17.5,0.175,NA,NA,NA,1,30,15.5,NA,NA,NA,NA,Carnivorous,3.5,NA,LC
2015-08-01,fmd,osteichthyen,Perciformes,Gobiidae,Thorogobius,Thorogobius_ephippiatus,9,0.09,NA,NA,NA,10,30,20,NA,NA,NA,NA,Carnivorous,3,NA,LC
2015-08-01,fmd,osteichthyen,Perciformes,Gobiidae,Thorogobius,Thorogobius_macrolepis,5.5,0.055,NA,NA,NA,20,40,30,NA,NA,NA,NA,Carnivorous,3.2,NA,LC
2015-08-01,fmd,osteichthyen,Perciformes,Scombridae,Thunnus,Thunnus_alalunga,80,0.8,NA,NA,NA,1,100,50.5,NA,NA,NA,NA,Carnivorous,4.3,NA,LC
2015-08-01,fmd,osteichthyen,Perciformes,Scombridae,Thunnus,Thunnus_thynnus,200,2,NA,NA,NA,1,70,35.5,NA,NA,NA,NA,Carnivorous,4.5,NA,EN
2015-08-01,fmd,chondrichtyen,Torpediniformes,Torpedinidae,Torpedo,Torpedo_marmorata,70,0.7,NA,NA,NA,10,100,55,NA,NA,NA,NA,Piscivorous,4.5,NA,LC
2015-08-01,fmd,chondrichtyen,Torpediniformes,Torpedinidae,Torpedo,Torpedo_nobiliana,140,1.4,NA,NA,NA,10,300,155,NA,NA,NA,NA,Piscivorous,4.5,NA,DD
2015-08-01,fmd,chondrichtyen,Torpediniformes,Torpedinidae,Torpedo,Torpedo_torpedo,55,0.55,NA,NA,NA,1,100,50.5,NA,NA,NA,NA,Carnivorous,4.5,NA,LC
2015-08-01,fmd,osteichthyen,Tetraodontiformes,Tetraodontidae,Torquigener,Torquigener_flavimaculosus,10,0.1,NA,NA,NA,1,10,5.5,NA,NA,NA,NA,Carnivorous,3.2,NA,np
2015-08-01,fmd,osteichthyen,Perciformes,Carangidae,Trachinotus,Trachinotus_ovatus,35,0.35,NA,NA,NA,1,10,5.5,NA,NA,NA,NA,Carnivorous,3.7,NA,LC
2015-08-01,fmd,osteichthyen,Perciformes,Trachinidae,Trachinus,Trachinus_araneus,35,0.35,NA,NA,NA,5,100,52.5,NA,NA,NA,NA,Carnivorous,4,NA,LC
2015-08-01,fmd,osteichthyen,Perciformes,Trachinidae,Trachinus,Trachinus_draco,32.5,0.325,NA,NA,NA,5,20,12.5,NA,NA,NA,NA,Carnivorous,4.2,NA,LC
2015-08-01,fmd,osteichthyen,Perciformes,Trachinidae,Trachinus,Trachinus_radiatus,35,0.35,NA,NA,NA,30,60,45,NA,NA,NA,NA,Carnivorous,4,NA,LC
2015-08-01,fmd,osteichthyen,Lampridiformes,Trachipteridae,Trachipterus,Trachipterus_trachypterus,150,1.5,NA,NA,NA,1,500,250.5,NA,NA,NA,NA,Carnivorous,4.5,NA,DD
2015-08-01,fmd,osteichthyen,Perciformes,Carangidae,Trachurus,Trachurus_mediterraneus,30,0.3,NA,NA,NA,10,50,30,NA,NA,NA,NA,Carnivorous,3.8,NA,LC
2015-08-01,fmd,osteichthyen,Perciformes,Carangidae,Trachurus,Trachurus_picturatus,40,0.4,NA,NA,NA,1,370,185.5,NA,NA,NA,NA,Carnivorous,3.3,NA,LC
2015-08-01,fmd,osteichthyen,Perciformes,Carangidae,Trachurus,Trachurus_trachurus,30,0.3,NA,NA,NA,10,100,55,NA,NA,NA,NA,Carnivorous,3.7,NA,LC
2015-08-01,fmd,osteichthyen,Gadiformes,Macrouridae,Trachyrincus,Trachyrincus_scabrus,50,0.5,NA,NA,NA,390,1700,1045,NA,NA,NA,NA,Carnivorous,3.6,NA,LC
2015-08-01,fmd,osteichthyen,Scorpaeniformes,Sebastidae,Trachyscorpia,Trachyscorpia_cristulata_cristulata,15,0.15,NA,NA,NA,200,2500,1350,NA,NA,NA,NA,Carnivorous,3.9,NA,np
2015-08-01,fmd,osteichthyen,Perciformes,Trichiuridae,Trichiurus,Trichiurus_lepturus,130,1.3,NA,NA,NA,3,350,176.5,NA,NA,NA,NA,Carnivorous,4.4,NA,LC
2015-08-01,fmd,osteichthyen,Scorpaeniformes,Triglidae,Trigla,Trigla_lyra,45,0.45,NA,NA,NA,50,400,225,NA,NA,NA,NA,Carnivorous,3.7,NA,LC
2015-08-01,fmd,osteichthyen,Scorpaeniformes,Triglidae,Trigloporus,Trigloporus_lastoviza,27.5,0.275,NA,NA,NA,20,100,60,NA,NA,NA,NA,Carnivorous,3.5,NA,np
2015-08-01,fmd,osteichthyen,Perciformes,Tripterygiidae,Tripterygion,Tripterygion_delaisi,6.5,0.065,NA,NA,NA,5,20,12.5,NA,NA,NA,NA,Carnivorous,3.4,NA,LC
2015-08-01,fmd,osteichthyen,Perciformes,Tripterygiidae,Tripterygion,Tripterygion_melanurum,4.25,0.0425,NA,NA,NA,1,15,8,NA,NA,NA,NA,Carnivorous,3.5,NA,LC
2015-08-01,fmd,osteichthyen,Perciformes,Tripterygiidae,Tripterygion,Tripterygion_tripteronotum,6.5,0.065,NA,NA,NA,1,3,2,NA,NA,NA,NA,Carnivorous,3.4,NA,LC
2015-08-01,fmd,osteichthyen,Gadiformes,Gadidae,Trisopterus,Trisopterus_luscus,32.5,0.325,NA,NA,NA,10,100,55,NA,NA,NA,NA,Carnivorous,3.7,NA,DD
2015-08-01,fmd,osteichthyen,Gadiformes,Gadidae,Trisopterus,Trisopterus_minutus,27.5,0.275,NA,NA,NA,25,200,112.5,NA,NA,NA,NA,Carnivorous,3.7,NA,np
2015-08-01,fmd,osteichthyen,Tetraodontiformes,Tetraodontidae,Tylerius,Tylerius_spinosissimus,NA,NA,NA,NA,NA,250,435,342.5,NA,NA,NA,NA,Carnivorous,3.3,NA,np
2015-08-01,fmd,osteichthyen,Beloniformes,Belonidae,Tylosorus,Tylosurus_acus_acus,65,0.65,NA,NA,NA,1,5,3,NA,NA,NA,NA,Piscivorous,4.5,NA,LC
2015-08-01,fmd,osteichthyen,Beloniformes,Belonidae,Tylosorus,Tylosurus_choram,60,0.6,NA,NA,NA,1,5,3,NA,NA,NA,NA,Piscivorous,4.4,NA,np
2015-08-01,fmd,osteichthyen,Perciformes,Sciaenidae,Umbrina,Umbrina_canariensis,40,0.4,NA,NA,NA,50,300,175,NA,NA,NA,NA,Carnivorous,3.4,NA,DD
2015-08-01,fmd,osteichthyen,Perciformes,Sciaenidae,Umbrina,Umbrina_cirrosa,70,0.7,NA,NA,NA,5,50,27.5,NA,NA,NA,NA,Carnivorous,3.4,NA,VU
2015-08-01,fmd,osteichthyen,Perciformes,Sciaenidae,Umbrina,Umbrina_ronchus,65,0.65,NA,NA,NA,20,200,110,NA,NA,NA,NA,Carnivorous,3.4,NA,DD
2015-08-01,fmd,osteichthyen,Perciformes,Mullidae,Upeneus,Upeneus_asymmetricus,9,0.09,NA,NA,NA,50,300,175,NA,NA,NA,NA,Carnivorous,3.5,NA,np
2015-08-01,fmd,osteichthyen,Perciformes,Mullidae,Upeneus,Upeneus_moluccensis,18,0.18,NA,NA,NA,10,80,45,NA,NA,NA,NA,Carnivorous,3.6,NA,np
2015-08-01,fmd,osteichthyen,Perciformes,Mullidae,Upeneus,Upeneus_pori,7,0.07,NA,NA,NA,1,50,25.5,NA,NA,NA,NA,Carnivorous,4.4,NA,np
2015-08-01,fmd,osteichthyen,Perciformes,Uranoscopidae,Uranoscopus,Uranoscopus_scaber,27.5,0.275,NA,NA,NA,15,100,57.5,NA,NA,NA,NA,Carnivorous,4.4,NA,LC
2015-08-01,fmd,osteichthyen,Stomiiformes,Sternoptychidae,Valenciennellus,Valenciennellus_tripunctulatus,NA,NA,NA,NA,NA,100,550,325,NA,NA,NA,NA,Carnivorous,3.1,NA,np
2015-08-01,fmd,osteichthyen,Perciformes,Gobiidae,Vanneaugobius,Vanneaugobius_pruvoti,3.7,0.037,NA,NA,NA,110,115,112.5,NA,NA,NA,NA,Omnivorous,3.1,NA,np
2015-08-01,fmd,osteichthyen,Stomiiformes,Photichthyidae,Vinciguerria,Vinciguerria_attenuata,2,0.02,NA,NA,NA,100,2000,1050,NA,NA,NA,NA,Carnivorous,3.1,NA,LC
2015-08-01,fmd,osteichthyen,Stomiiformes,Photichthyidae,Vinciguerria,Vinciguerria_poweriae,2,0.02,NA,NA,NA,50,1000,525,NA,NA,NA,NA,Carnivorous,3.1,NA,LC
2015-08-01,fmd,osteichthyen,Perciformes,Xiphiidae,Xiphias,Xiphias_gladius,250,2.5,NA,NA,NA,10,125,67.5,NA,NA,NA,NA,Carnivorous,4.5,NA,NT
2015-08-01,fmd,osteichthyen,Perciformes,Labridae,Xyrichtys,Xyrichtys_novacula,27.5,0.275,NA,NA,NA,5,20,12.5,NA,NA,NA,NA,Carnivorous,3.5,NA,LC
2015-08-01,fmd,osteichthyen,Perciformes,Gobiidae,Zebrus,Zebrus_zebrus,5,0.05,NA,NA,NA,1,5,3,NA,NA,NA,NA,Carnivorous,3.2,NA,LC
2015-08-01,fmd,osteichthyen,Zeiformes,Zeidae,Zenopsis,Zenopsis_conchifer,25,0.25,NA,NA,NA,100,400,250,NA,NA,NA,NA,Piscivorous,4.5,NA,np
2015-08-01,fmd,osteichthyen,Zeiformes,Zeidae,Zeus,Zeus_faber,45,0.45,NA,NA,NA,50,150,100,NA,NA,NA,NA,Carnivorous,4.5,NA,LC
2015-08-01,fmd,osteichthyen,Perciformes,Gobiidae,Zosterisessor,Zosterisessor_ophiocephalus,19,0.19,NA,NA,NA,1,5,3,NA,NA,NA,NA,Carnivorous,3.2,NA,LC
2015-08-01,fmd,osteichthyen,Lampridiformes,Trachipteridae,Zu,Zu_cristatus,80,0.8,NA,NA,NA,1,500,250.5,NA,NA,NA,NA,Carnivorous,4.5,NA,DD
,,,,,,,,,,,,,,,,,,,,,,
,,,,,,,,,,,,,,,,,,,,,,
,,,,,,,,,,,,,,,,,,,,,,
,,,,,,,,,,,,,,,,,,,,,,
,,,,,,,,,,,,,,,,,,,,,,
,,,,,,,,,,,,,,,,,,,,,,
,,,,,,,,,,,,,,,,,,,,,,
,,,,,,,,,,,,,,,,,,,,,,
,,,,,,,,,,,,,,,,,,,,,,
,,,,,,,,,,,,,,,,,,,,,,
,,,,,,,,,,,,,,,,,,,,,,
,,,,,,,,,,,,,,,,,,,,,,
,,,,,,,,,,,,,,,,,,,,,,
,,,,,,,,,,,,,,,,,,,,,,
,,,,,,,,,,,,,,,,,,,,,,
,,,,,,,,,,,,,,,,,,,,,,
,,,,,,,,,,,,,,,,,,,,,,
,,,,,,,,,,,,,,,,,,,,,,
,,,,,,,,,,,,,,,,,,,,,,
,,,,,,,,,,,,,,,,,,,,,,
,,,,,,,,,,,,,,,,,,,,,,
,,,,,,,,,,,,,,,,,,,,,,
,,,,,,,,,,,,,,,,,,,,,,
,,,,,,,,,,,,,,,,,,,,,,
,,,,,,,,,,,,,,,,,,,,,,
,,,,,,,,,,,,,,,,,,,,,,
,,,,,,,,,,,,,,,,,,,,,,
,,,,,,,,,,,,,,,,,,,,,,
,,,,,,,,,,,,,,,,,,,,,,
,,,,,,,,,,,,,,,,,,,,,,
,,,,,,,,,,,,,,,,,,,,,,
,,,,,,,,,,,,,,,,,,,,,,
,,,,,,,,,,,,,,,,,,,,,,
,,,,,,,,,,,,,,,,,,,,,,
,,,,,,,,,,,,,,,,,,,,,,
,,,,,,,,,,,,,,,,,,,,,,
,,,,,,,,,,,,,,,,,,,,,,
,,,,,,,,,,,,,,,,,,,,,,
,,,,,,,,,,,,,,,,,,,,,,
,,,,,,,,,,,,,,,,,,,,,,
,,,,,,,,,,,,,,,,,,,,,,
,,,,,,,,,,,,,,,,,,,,,,
,,,,,,,,,,,,,,,,,,,,,,
,,,,,,,,,,,,,,,,,,,,,,
,,,,,,,,,,,,,,,,,,,,,,
,,,,,,,,,,,,,,,,,,,,,,
,,,,,,,,,,,,,,,,,,,,,,
,,,,,,,,,,,,,,,,,,,,,,
,,,,,,,,,,,,,,,,,,,,,,
,,,,,,,,,,,,,,,,,,,,,,
,,,,,,,,,,,,,,,,,,,,,,
,,,,,,,,,,,,,,,,,,,,,,
,,,,,,,,,,,,,,,,,,,,,,
,,,,,,,,,,,,,,,,,,,,,,
,,,,,,,,,,,,,,,,,,,,,,
,,,,,,,,,,,,,,,,,,,,,,
,,,,,,,,,,,,,,,,,,,,,,
,,,,,,,,,,,,,,,,,,,,,,
,,,,,,,,,,,,,,,,,,,,,,
,,,,,,,,,,,,,,,,,,,,,,
,,,,,,,,,,,,,,,,,,,,,,
,,,,,,,,,,,,,,,,,,,,,,
,,,,,,,,,,,,,,,,,,,,,,
,,,,,,,,,,,,,,,,,,,,,,
,,,,,,,,,,,,,,,,,,,,,,
,,,,,,,,,,,,,,,,,,,,,,
,,,,,,,,,,,,,,,,,,,,,,
,,,,,,,,,,,,,,,,,,,,,,
,,,,,,,,,,,,,,,,,,,,,,
,,,,,,,,,,,,,,,,,,,,,,
,,,,,,,,,,,,,,,,,,,,,,
,,,,,,,,,,,,,,,,,,,,,,
,,,,,,,,,,,,,,,,,,,,,,
,,,,,,,,,,,,,,,,,,,,,,
,,,,,,,,,,,,,,,,,,,,,,
,,,,,,,,,,,,,,,,,,,,,,
,,,,,,,,,,,,,,,,,,,,,,
,,,,,,,,,,,,,,,,,,,,,,
,,,,,,,,,,,,,,,,,,,,,,
,,,,,,,,,,,,,,,,,,,,,,
,,,,,,,,,,,,,,,,,,,,,,
,,,,,,,,,,,,,,,,,,,,,,
,,,,,,,,,,,,,,,,,,,,,,
,,,,,,,,,,,,,,,,,,,,,,
,,,,,,,,,,,,,,,,,,,,,,
,,,,,,,,,,,,,,,,,,,,,,
,,,,,,,,,,,,,,,,,,,,,,
,,,,,,,,,,,,,,,,,,,,,,
,,,,,,,,,,,,,,,,,,,,,,
,,,,,,,,,,,,,,,,,,,,,,
,,,,,,,,,,,,,,,,,,,,,,
,,,,,,,,,,,,,,,,,,,,,,
,,,,,,,,,,,,,,,,,,,,,,
,,,,,,,,,,,,,,,,,,,,,,
,,,,,,,,,,,,,,,,,,,,,,
,,,,,,,,,,,,,,,,,,,,,,
,,,,,,,,,,,,,,,,,,,,,,
,,,,,,,,,,,,,,,,,,,,,,
,,,,,,,,,,,,,,,,,,,,,,
,,,,,,,,,,,,,,,,,,,,,,
,,,,,,,,,,,,,,,,,,,,,,
,,,,,,,,,,,,,,,,,,,,,,
,,,,,,,,,,,,,,,,,,,,,,
,,,,,,,,,,,,,,,,,,,,,,
,,,,,,,,,,,,,,,,,,,,,,
,,,,,,,,,,,,,,,,,,,,,,
,,,,,,,,,,,,,,,,,,,,,,
,,,,,,,,,,,,,,,,,,,,,,
,,,,,,,,,,,,,,,,,,,,,,
,,,,,,,,,,,,,,,,,,,,,,
,,,,,,,,,,,,,,,,,,,,,,
,,,,,,,,,,,,,,,,,,,,,,
,,,,,,,,,,,,,,,,,,,,,,
,,,,,,,,,,,,,,,,,,,,,,
,,,,,,,,,,,,,,,,,,,,,,
,,,,,,,,,,,,,,,,,,,,,,
,,,,,,,,,,,,,,,,,,,,,,
,,,,,,,,,,,,,,,,,,,,,,
,,,,,,,,,,,,,,,,,,,,,,
,,,,,,,,,,,,,,,,,,,,,,
,,,,,,,,,,,,,,,,,,,,,,
,,,,,,,,,,,,,,,,,,,,,,
,,,,,,,,,,,,,,,,,,,,,,
,,,,,,,,,,,,,,,,,,,,,,
,,,,,,,,,,,,,,,,,,,,,,
,,,,,,,,,,,,,,,,,,,,,,
,,,,,,,,,,,,,,,,,,,,,,
,,,,,,,,,,,,,,,,,,,,,,
,,,,,,,,,,,,,,,,,,,,,,
,,,,,,,,,,,,,,,,,,,,,,
,,,,,,,,,,,,,,,,,,,,,,
,,,,,,,,,,,,,,,,,,,,,,
,,,,,,,,,,,,,,,,,,,,,,