internalTaxonId,scientificName,kingdomName,phylumName,className,orderName,familyName,genusName,speciesName,infraType,infraName,infraAuthority,subpopulationName,authority,taxonomicNotes
170183,Chrysoblephus cristiceps,ANIMALIA,CHORDATA,ACTINOPTERYGII,PERCIFORMES,SPARIDAE,Chrysoblephus,cristiceps,,,,,"(Valenciennes, 1830)",
170206,Polysteganus undulosus,ANIMALIA,CHORDATA,ACTINOPTERYGII,PERCIFORMES,SPARIDAE,Polysteganus,undulosus,,,,,"(Regan, 1908)",
193605,Takifugu chinensis,ANIMALIA,CHORDATA,ACTINOPTERYGII,TETRAODONTIFORMES,TETRAODONTIDAE,Takifugu,chinensis,,,,,"(Abe, 1949)","Several genetic experiments have suggested that <span style=""font-style: italic;"">Takifugu chinensis</span> and <span style=""font-style: italic;"">T. rubripes</span> are very closely related and can possibly be regarded as the same species (Reza <span style=""font-style: italic;"">et</span> <span style=""font-style: italic;"">al. </span>2011).&#160;In China, <em>T. chinensis</em> is considered to be a junior synonym of <em>Takifugu pseudommus</em>. However, differences in the anal fin color of these two species makes it unlikely that they are the same species (Matsuura pers. comm. 2011).&#160;Skull structure of the two species is identical, however, and therefore further taxonomic studies are required. The economically important genus&#160;<em>Takifugu</em>&#160;has been recommended for further taxonomic studies based on morphological and molecular analyses (Yamanoue&#160;<em>et al.</em>&#160;2008). We accept the taxonomic validity of <em>T. chinensis.</em>"
196322,Akihito futuna,ANIMALIA,CHORDATA,ACTINOPTERYGII,PERCIFORMES,GOBIIDAE,Akihito,futuna,,,,,"Keith, Marquet &amp; Watson, 2008",
196395,Stiphodon discotorquatus,ANIMALIA,CHORDATA,ACTINOPTERYGII,PERCIFORMES,GOBIIDAE,Stiphodon,discotorquatus,,,,,"Watson, 1995",
196402,Stiphodon rubromaculatus,ANIMALIA,CHORDATA,ACTINOPTERYGII,PERCIFORMES,GOBIIDAE,Stiphodon,rubromaculatus,,,,,"Keith &amp; Marquet, 2007",
3854,Carcharias taurus,ANIMALIA,CHORDATA,CHONDRICHTHYES,LAMNIFORMES,ODONTASPIDIDAE,Carcharias,taurus,,,,,"Rafinesque, 1810",
39331,Squatina occulta,ANIMALIA,CHORDATA,CHONDRICHTHYES,SQUATINIFORMES,SQUATINIDAE,Squatina,occulta,,,,,"Vooren &amp; da Silva, 1991","There is some controversy concerning the taxonomy and nomenclature of <em>Squatina</em> species of the Southwest Atlantic. <em>Squatina occulta</em> described by Vooren and da Silva (1991) has been regarded as being a junior synonym of <em>S. guggenheim</em> by Soto (2001) in a species-level checklist of the region. Although evidence was not given to support this statement, Bernardes <em>et al.</em> (2005) followed Soto’s proposal. However, later studies have re-evaluated the species’ validity. The validity of <em>S. occulta</em> Vooren and da Silva, 1991 as a distinct species has been confirmed through the study of mitochondrial DNA by Stelbrink <em>et al.</em> (2010) and in a comparative study of Southwest Atlantic <em>Squatina</em> neurocrania (Carvalho <em>et al. </em>2012).&#160;Both studies also recognized <em>S. argentina</em>, <em>S. guggenheim</em>, and <em>S. occulta</em> as the only valid species in the Southwest Atlantic (preceding the description of new species since that time, <em>S. david </em>and <em>S. varii</em>).<br/><br/>Some confusion exists regarding the publication date of the description of&#160;<em>S. occulta</em> (Faria <em>et al.</em> 2014). Some taxonomic literature sources list 1991 as the publication date while others list 1992. This confusion is probably due to the distribution of pre-prints of the article in 1991 before the full issue of the journal was printed in 1992. According to The International Commission on Zoological Nomenclature, the publication date of the <em>S. occulta</em> description is 1991. There has also been discrepancy in referencing the species authority for&#160;<em>S. occulta</em>, particularly the name of the second author (Faria <em>et al. </em>2014); K.G. da Silva’s surname has been spelled ‘da Silva’, ‘Da Silva’, and ‘Silva’. Faria <em>et al.</em> (2014) suggested using the one in the revisions by Vaz and Carvalho (2013) and in online taxonomic databases. Thus, the recommended citation is&#160;<em>S. occulta</em>&#160;Vooren &amp; da Silva, 1991."
39352,Galeorhinus galeus,ANIMALIA,CHORDATA,CHONDRICHTHYES,CARCHARHINIFORMES,TRIAKIDAE,Galeorhinus,galeus,,,,,"(Linnaeus, 1758)",
39374,Carcharhinus longimanus,ANIMALIA,CHORDATA,CHONDRICHTHYES,CARCHARHINIFORMES,CARCHARHINIDAE,Carcharhinus,longimanus,,,,,"(Poey, 1861)",
39385,Sphyrna lewini,ANIMALIA,CHORDATA,CHONDRICHTHYES,CARCHARHINIFORMES,SPHYRNIDAE,Sphyrna,lewini,,,,,"(Griffith &amp; Smith, 1834)",
39386,Sphyrna mokarran,ANIMALIA,CHORDATA,CHONDRICHTHYES,CARCHARHINIFORMES,SPHYRNIDAE,Sphyrna,mokarran,,,,,"(Rüppell, 1837)",
41064,Pseudobatos horkelii,ANIMALIA,CHORDATA,CHONDRICHTHYES,RHINOPRISTIFORMES,RHINOBATIDAE,Pseudobatos,horkelii,,,,,"(Müller &amp; Henle, 1841)","Last <em>et al</em>. (2016) revised the genus <em>Rhinobatos</em>, transferring <em>glaucostigma</em>, <em>horkelii</em>, <em>lentiginosus</em>, <em>leucorhynchus</em>, <em>percellens</em>, <em>planiceps</em>, <em>prahli</em>, and <em>productus</em> to the new genus <em>Pseudobatos</em>."
44581,Mustelus fasciatus,ANIMALIA,CHORDATA,CHONDRICHTHYES,CARCHARHINIFORMES,TRIAKIDAE,Mustelus,fasciatus,,,,,"(Garman, 1913)",
44598,Urotrygon microphthalmum,ANIMALIA,CHORDATA,CHONDRICHTHYES,MYLIOBATIFORMES,UROTRYGONIDAE,Urotrygon,microphthalmum,,,,,"Delsman, 1941",
44642,Sympterygia acuta,ANIMALIA,CHORDATA,CHONDRICHTHYES,RAJIFORMES,ARHYNCHOBATIDAE,Sympterygia,acuta,,,,,"Garman, 1877",
60135,Tetronarce puelcha,ANIMALIA,CHORDATA,CHONDRICHTHYES,TORPEDINIFORMES,TORPEDINIDAE,Tetronarce,puelcha,,,,,"(Lahille, 1926)",
60201,Sphyrna media,ANIMALIA,CHORDATA,CHONDRICHTHYES,CARCHARHINIFORMES,SPHYRNIDAE,Sphyrna,media,,,,,"Springer, 1940",
60202,Sphyrna tudes,ANIMALIA,CHORDATA,CHONDRICHTHYES,CARCHARHINIFORMES,SPHYRNIDAE,Sphyrna,tudes,,,,,"(Valenciennes, 1822)",
60203,Mustelus schmitti,ANIMALIA,CHORDATA,CHONDRICHTHYES,CARCHARHINIFORMES,TRIAKIDAE,Mustelus,schmitti,,,,,"Springer, 1939",
60218,Isogomphodon oxyrhynchus,ANIMALIA,CHORDATA,CHONDRICHTHYES,CARCHARHINIFORMES,CARCHARHINIDAE,Isogomphodon,oxyrhynchus,,,,,"(Müller &amp; Henle, 1839)",
144136822,Carcharhinus porosus,ANIMALIA,CHORDATA,CHONDRICHTHYES,CARCHARHINIFORMES,CARCHARHINIDAE,Carcharhinus,porosus,,,,,"(Ranzani, 1839)","Castro (2011) resurrected <em>Carcharhinus cerdale</em>, considering it distinct from <em>C. porosus</em>. <em>Carcharhinus cerdale </em>is restricted to the Eastern Pacific and <em>C. porosus</em> to the Western Atlantic."
63124,Dipturus mennii,ANIMALIA,CHORDATA,CHONDRICHTHYES,RAJIFORMES,RAJIDAE,Dipturus,mennii,,,,,"Gomes &amp; Paragó, 2001","<em>Dipturus diehli</em>&#160;Soto &amp; Mincarone, 2001, as known only from the holotype taken off Santa Catarina, Brazil (29°39´S, 47°50´W) at a depth of 480 m, is likely a synonym of <em>D. mennii</em> and is treated here as such."
10268,Huso dauricus,ANIMALIA,CHORDATA,ACTINOPTERYGII,ACIPENSERIFORMES,ACIPENSERIDAE,Huso,dauricus,,,,,"(Georgi, 1775)",
10269,Huso huso,ANIMALIA,CHORDATA,ACTINOPTERYGII,ACIPENSERIFORMES,ACIPENSERIDAE,Huso,huso,,,,,"(Linnaeus, 1758)","The Adriatic population described as a subspecies and may have been a conservation unit, is now extinct."
11375,Latimeria chalumnae,ANIMALIA,CHORDATA,SARCOPTERYGII,COELACANTHIFORMES,LATIMERIIDAE,Latimeria,chalumnae,,,,,"Smith, 1939",
183832,Gobulus birdsongi,ANIMALIA,CHORDATA,ACTINOPTERYGII,PERCIFORMES,GOBIIDAE,Gobulus,birdsongi,,,,,"Hoese &amp; Reader, 2001",
183896,Paraclinus walkeri,ANIMALIA,CHORDATA,ACTINOPTERYGII,PERCIFORMES,LABRISOMIDAE,Paraclinus,walkeri,,,,,"Hubbs, 1952",
184017,Azurina eupalama,ANIMALIA,CHORDATA,ACTINOPTERYGII,PERCIFORMES,POMACENTRIDAE,Azurina,eupalama,,,,,"Heller &amp; Snodgrass, 1903",
18428,Psephurus gladius,ANIMALIA,CHORDATA,ACTINOPTERYGII,ACIPENSERIFORMES,POLYODONTIDAE,Psephurus,gladius,,,,,"(Martens, 1862)",
196038,Eptatretus octatrema,ANIMALIA,CHORDATA,MYXINI,MYXINIFORMES,MYXINIDAE,Eptatretus,octatrema,,,,,"(Barnard, 1923)","According to Fernholm (1986, 1998), <em>E. octatrema</em> was only known from the 300 mm holotype. In the original description, Barnard (1923) apparently described only one specimen, but he stated “…ventral fin ending only a short distance (8-10 mm) behind last gill-opening”. The range “8-10 mm” could be evidence that there were at least two specimens used for the description. In addition, the only other known specimen BMNH 1927.12.6.1 (formerly SAM 13031) is listed as ""co-type"" in the original register. According to the SAM database (M. Bougaardt pers. comm.), the station data for these specimens are: SAM 13030, Cape Saint Blaize, North 1/4 North, 6.5 miles, 36 fm (66 m), 28 June 1899, shrimp trawl, RV Pieter Faure; and BMNH 1927.12.6.1 [ex SAM 13031], Cape Saint Blaize, West 3/4 North, 4 miles, 27 fm (49 m), 25 January 1900, trawl, RV Pieter Faure. Based on this evidence, both specimens are considered here as syntypes of <em>E. octatrema</em>. Also, the type locality provided in Barnard’s (1923) original description (“Agulhas Bank, 25-40 fm”) is an assumed approximation."
20085,Sebastes paucispinus,ANIMALIA,CHORDATA,ACTINOPTERYGII,SCORPAENIFORMES,SEBASTIDAE,Sebastes,paucispinus,,,,,"Ayres, 1854",
20795,Stereolepis gigas,ANIMALIA,CHORDATA,ACTINOPTERYGII,PERCIFORMES,POLYPRIONIDAE,Stereolepis,gigas,,,,,"Ayres, 1859","Giant sea bass was originally assigned to the grouper family, Serranidae, but was later placed in a new family called the Percichthyidae (Domeier 2001)."
3565,Callionymus sanctaehelenae,ANIMALIA,CHORDATA,ACTINOPTERYGII,PERCIFORMES,CALLIONYMIDAE,Callionymus,sanctaehelenae,,,,,"Fricke, 1983",
61333,Hucho perryi,ANIMALIA,CHORDATA,ACTINOPTERYGII,SALMONIFORMES,SALMONIDAE,Hucho,perryi,,,,,"(Brevoort, 1856)",
225,Acipenser nudiventris,ANIMALIA,CHORDATA,ACTINOPTERYGII,ACIPENSERIFORMES,ACIPENSERIDAE,Acipenser,nudiventris,,,,,"Lovetsky, 1828",
229,Acipenser stellatus,ANIMALIA,CHORDATA,ACTINOPTERYGII,ACIPENSERIFORMES,ACIPENSERIDAE,Acipenser,stellatus,,,,,"Pallas, 1771",
230,Acipenser sturio,ANIMALIA,CHORDATA,ACTINOPTERYGII,ACIPENSERIFORMES,ACIPENSERIDAE,Acipenser,sturio,,,,,"Linnaeus, 1758","Archaelogical remains suggest that <span style=""font-style: italic;"">A. sturio</span> colonised the Baltic Sea about 3,000 years ago from the North Sea, and vanished from the Baltic Sea about 800 years ago. Climatic changes about 100 years ago (Little Ice Age) might have had an impact indirectly in favouring introgression by hybridization with <span style=""font-style: italic;"">A. oxyrinchus</span>."
232,Acipenser gueldenstaedtii,ANIMALIA,CHORDATA,ACTINOPTERYGII,ACIPENSERIFORMES,ACIPENSERIDAE,Acipenser,gueldenstaedtii,,,,,"Brandt &amp; Ratzeburg, 1833","Molecular studies strongly suggest that Russian Sturgeon (<em>Acipenser gueldenstaedtii</em>) is very closely related to Persian Sturgeon (<em>Acipenser persicus</em>), and it cannot be excluded that these two taxa are conspecific."
235,Acipenser persicus,ANIMALIA,CHORDATA,ACTINOPTERYGII,ACIPENSERIFORMES,ACIPENSERIDAE,Acipenser,persicus,,,,,"Borodin, 1897",Molecular studies strongly suggest that Persian Sturgeon (<em>Acipenser persicus</em>) is very closely  related to Russian Sturgeon (<em>Acipenser gueldenstaedtii</em>) and it cannot  be excluded that these two taxa are conspecific.
236,Acipenser sinensis,ANIMALIA,CHORDATA,ACTINOPTERYGII,ACIPENSERIFORMES,ACIPENSERIDAE,Acipenser,sinensis,,,,,"Gray, 1835","<span style=""font-weight: bold;""></span>The Chinese Sturgeon <span style=""font-style: italic;"">Acipenser sinensis</span> is restricted to the main channel of the  Yangtze and the Pearl rivers and the East and South China Seas. Though there is  still disagreement about the taxonomy of the Pearl and Yangtze River  populations, Chinese scholars commonly divide Chinese Sturgeon into two  populations; one is the Pearl River Chinese Sturgeon, which spawns in spring, and is close to  dying out. The other is the Yangtze River Chinese Sturgeon, which spawns in autumn and  still maintains a certain amount below the Gezhouba Dam."
241,Acipenser mikadoi,ANIMALIA,CHORDATA,ACTINOPTERYGII,ACIPENSERIFORMES,ACIPENSERIDAE,Acipenser,mikadoi,,,,,"Hilgendorf, 1892","The taxonomic status of the species has only recently been clarified. Previously, it was  considered conspecific with North American Green Sturgeon (<span style=""font-style: italic;"">A. medirostris</span>)  (Shmigirilov 2007)."
15522149,Coryphaenoides rupestris,ANIMALIA,CHORDATA,ACTINOPTERYGII,GADIFORMES,MACROURIDAE,Coryphaenoides,rupestris,,,,,"Gunnerus, 1765",
161380,Cephaloscyllium sarawakensis,ANIMALIA,CHORDATA,CHONDRICHTHYES,CARCHARHINIFORMES,SCYLIORHINIDAE,Cephaloscyllium,sarawakensis,,,,,"Yano, Ahmad &amp; Gambang, 2005",Sometimes known as <em>Cephaloscyllium sarawakense</em> (Fricke <em>et al.</em> 2020).
7862,Epinephelus striatus,ANIMALIA,CHORDATA,ACTINOPTERYGII,PERCIFORMES,EPINEPHELIDAE,Epinephelus,striatus,,,,,"(Bloch, 1792)",
61405,Leucoraja melitensis,ANIMALIA,CHORDATA,CHONDRICHTHYES,RAJIFORMES,RAJIDAE,Leucoraja,melitensis,,,,,"(Clark, 1926)",The subgenus <em>Leucoraja</em> was elevated to genus rank by McEachran and Dunn (1998).
49182559,Larimichthys crocea,ANIMALIA,CHORDATA,ACTINOPTERYGII,PERCIFORMES,SCIAENIDAE,Larimichthys,crocea,,,,,"(Richardson, 1846)",
161463,Rhinoptera marginata,ANIMALIA,CHORDATA,CHONDRICHTHYES,MYLIOBATIFORMES,RHINOPTERIDAE,Rhinoptera,marginata,,,,,"(Geoffroy Saint-Hilaire, 1817)",
41030,Syngnathus watermeyeri,ANIMALIA,CHORDATA,ACTINOPTERYGII,SYNGNATHIFORMES,SYNGNATHIDAE,Syngnathus,watermeyeri,,,,,"Smith, 1963",
42706,Cephaloscyllium albipinnum,ANIMALIA,CHORDATA,CHONDRICHTHYES,CARCHARHINIFORMES,SCYLIORHINIDAE,Cephaloscyllium,albipinnum,,,,,"Last, Motomura &amp; White, 2008",
60166,Glaucostegus granulatus,ANIMALIA,CHORDATA,CHONDRICHTHYES,RHINOPRISTIFORMES,GLAUCOSTEGIDAE,Glaucostegus,granulatus,,,,,"(Cuvier, 1829)","Changes to the systematics of <em>Rhinobatos</em>&#160;elevated the subgenus <em>Glaucostegus</em> to full generic status and placed this genus into a family of its own: Glaucostegidae (Compagno 2005, Last <em>et al</em>. 2016a).&#160;This species is often confused with <em>Glaucostegus typus</em> and Pacific Ocean records of <em>G. granulatus</em> are probably <em>G. typus</em>."
104061138,Glaucostegus typus,ANIMALIA,CHORDATA,CHONDRICHTHYES,RHINOPRISTIFORMES,GLAUCOSTEGIDAE,Glaucostegus,typus,,,,,"(Anonymous [Bennett], 1830)","Recent changes to the systematics of <em>Rhinobatos</em> have elevated the subgenus <em>Glaucostegus</em> to full generic status and placed this genus into a family of its own: Glaucostegidae (Compagno 2005, Last <em>et al</em>. 2016a).<br/><br/><em>Glaucostegus microphthalamus</em>&#160;is currently considered a synonym of&#160;<em>G. typus</em>&#160;(W.T. White and D.A. Ebert pers. comm. 2016)."
41853,Rhynchobatus australiae,ANIMALIA,CHORDATA,CHONDRICHTHYES,RHINOPRISTIFORMES,RHINIDAE,Rhynchobatus,australiae,,,,,"Whitley, 1939","<em>Rhynchobatus australiae</em>&#160;is part of the Indo-West Pacific&#160;<em>Rhynchobatus djiddensis</em>&#160;species-complex. The name&#160;<em>R. djiddensis</em>&#160;has previously been used widely, leading to poorly-defined taxonomy and distributions for members of the complex (in particular,&#160;<em>R. australiae</em>,<em>&#160;R. djiddensis</em>, and&#160;<em>R. laevis</em>). Further investigation into the taxonomy of 'whitespotted wedgefish' is required, and additional species are likely to be described in the future."
18903491,Dipturus intermedius,ANIMALIA,CHORDATA,CHONDRICHTHYES,RAJIFORMES,RAJIDAE,Dipturus,intermedius,,,,,"(Parnell, 1837)","The Flapper Skate (<em>Dipturus intermedius</em>) and Common Blue Skate (<em>Dipturus batis</em>) were synonymised in a taxonomic revision of European skates (Rajidae) in the 1920s (Clark 1926), before being recognised again as separate species in 2010 (Iglésias <em>et al</em>. 2010). Consequently, information for both species were reported as ‘<em>Dipturus batis</em>’ (the 'common skate complex') for much of the 20<sup>th</sup> and early 21<sup>st</sup> centuries."
70688138,Dentiraja confusa,ANIMALIA,CHORDATA,CHONDRICHTHYES,RAJIFORMES,RAJIDAE,Dentiraja,confusa,,,,,"(Last, 2008)",
12399,Lucifuga simile,ANIMALIA,CHORDATA,ACTINOPTERYGII,OPHIDIIFORMES,BYTHITIDAE,Lucifuga,simile,,,,,"Nalbant, 1981","The genus <em>Lucifuga</em> is one of the most diverse stygiobiotic genera of fishes to have been described. The taxonomy of <em>Lucifuga</em> species may still be incomplete due to relatively common discoveries of new species. García-Machado <em>et al</em>. (2011) concluded that <em>Lucifuga</em> spp. are genetically divergent, but most closely related lineages are morphologically indistinguishable and recommend revisiting the taxonomy of the genus. Since the distribution of certain morphological characters among these species is disjointed, they possibly may not be used for classification in the future. A description of a new species, <em>Lucifuga</em> <em>gibarensis</em> of Cuba, was recently published (Hernández <em>et al.</em> 2020)."
104005557,Rhinobatos schlegelii,ANIMALIA,CHORDATA,CHONDRICHTHYES,RHINOPRISTIFORMES,RHINOBATIDAE,Rhinobatos,schlegelii,,,,,"Müller &amp; Henle, 1841","This species was previously confused with other guitarfishes and erroneously considered to be widespread in the Indo-Pacific. <em>Rhinobatos formosensis</em> from Taiwan is now known to be a junior synonym of <em>R. schlegelii</em> (Last <em>et al.</em> 2016a, Last <em>et al. </em>2016b)."
104007203,Rhinobatos whitei,ANIMALIA,CHORDATA,CHONDRICHTHYES,RHINOPRISTIFORMES,RHINOBATIDAE,Rhinobatos,whitei,,,,,"Last, Corrigan &amp; Naylor, 2014","The species is distinguished from its regional congeners, the Bottlennose Guitarfish (<em>Rhinobatos schlegelii</em>) by colour, morphology, and meristic characters (Last <em>et al.</em> 2014)."
104019954,Rhynchobatus immaculatus,ANIMALIA,CHORDATA,CHONDRICHTHYES,RHINOPRISTIFORMES,RHINIDAE,Rhynchobatus,immaculatus,,,,,"Last, Ho &amp; Chen, 2013","<p>The taxonomy of the 'whitespotted wedgefish' species-complex (which includes several Indo-West Pacific wedgefishes) is not fully resolved,&#160;and the status of the Taiwanese Wedgefish is in need of critical re-evaluation by comparing it to other regional species.&#160;</span></p>"
104025473,Myliobatis ridens,ANIMALIA,CHORDATA,CHONDRICHTHYES,MYLIOBATIFORMES,MYLIOBATIDAE,Myliobatis,ridens,,,,,"Ruocco, Lucifora, Díaz de Astarloa, Mabragaña &amp; Delpiani, 2012",
104050689,Glaucostegus cemiculus,ANIMALIA,CHORDATA,CHONDRICHTHYES,RHINOPRISTIFORMES,GLAUCOSTEGIDAE,Glaucostegus,cemiculus,,,,,"(Geoffroy Saint-Hilaire, 1817)","Recent changes to the systematics of <em>Rhinobatos</em>&#160;have elevated the subgenus <em>Glaucostegus</em> to full generic status and placed this genus into a family of its own: Glaucostegidae (Compagno 2005, Last <em>et al</em>. 2016a).<br/><br/>Séret and McEachran (1986) tentatively synonymised <em>Glaucostegus petiti</em> (reported from the  Western Indian Ocean) with <em>G. cemiculus</em> because the morphometrics and the meristics of the holotype and only known specimen of <em>G. petiti</em> fell into the ranges of variation of <em>G. cemiculus. </em><em><em>Glaucostegus </em>cemiculus</em>  is an Eastern Atlantic species, however, and does not occur in the  Western Indian Ocean from which <em>G. petiti</em> is reported (Bernard Séret pers. comm. 2008). It is possible that there was a mistake in the origin of  the type specimen, although the collector Georges Petit did explore the  Tuléar region of Madagasar. No further specimens of&#160;<em><em>Glaucostegus </em> petiti</em>  have been found to date, despite the presence of an active research  station in Tuléar for decades, although other guitarfishes (<em>Acroteriobatus annulatus</em> and <em>Rhinobatos holcorhynchus</em>)  have been collected from the region (Bernard Séret pers. comm. 2008). <br/><br/><em>Glaucostegus petiti</em> is considered a synonym of <em>G. cemiculus</em> (William T. White and David A. Ebert pers. comm. 2016)."
60151,Fontitrygon colarensis,ANIMALIA,CHORDATA,CHONDRICHTHYES,MYLIOBATIFORMES,DASYATIDAE,Fontitrygon,colarensis,,,,,"(Santos, Gomes &amp; Charvet-Almeida, 2004)","Last <em>et al</em>. (2016) placed <em>Dasyatis colarensis</em>, <em>D. garouaensis</em>, <em>D. geijskesi</em>, <em>D. margarita</em>, <em>D. margaritella</em>, and <em>Urogymnus ukpan</em> within their newly described genus <em>Fontitrygon</em>. The two Western Atlantic species (<em>F. colarensis</em> and <em>F. geijskesi</em>) differ significantly from the other taxa in this genus and may prove to be non-congeneric with the four species from West Africa (Last <em>et al</em>. 2016). <br/><br/>This species is often mistaken with&#160;<em><em>Hypanus</em> guttatus</em> but snout length and pelvic fin shape differ."
60153,Fontitrygon geijskesi,ANIMALIA,CHORDATA,CHONDRICHTHYES,MYLIOBATIFORMES,DASYATIDAE,Fontitrygon,geijskesi,,,,,"(Boeseman,1948)","Last <em>et al</em>. (2016) placed <em>Dasyatis colarensis</em>, <em>D. garouaensis</em>, <em>D. geijskesi</em>, <em>D. margarita</em>, <em>D. margaritella</em>, and <em>Urogymnus ukpan</em> within their newly described genus <em>Fontitrygon</em>. The two Western Atlantic species (<em>F. colarensis</em> and <em>F. geijskesi</em>) differ significantly from the other taxa in this genus and may prove to be non-congeneric with the four species from West Africa (Last <em>et al</em>. 2016)."
39414,Fontitrygon ukpam,ANIMALIA,CHORDATA,CHONDRICHTHYES,MYLIOBATIFORMES,DASYATIDAE,Fontitrygon,ukpam,,,,,"(Smith, 1863)","Last <em>et al</em>. (2016a) placed <em>Dasyatis colarensis</em>, <em>D. garouaensis</em>, <em>D. geijskesi</em>, <em>D. margarita</em>, <em>D. margaritella</em>, and <em>Urogymnus ukpan</em> within their newly described genus <em>Fontitrygon</em>."
104306247,Pastinachus stellurostris,ANIMALIA,CHORDATA,CHONDRICHTHYES,MYLIOBATIFORMES,DASYATIDAE,Pastinachus,stellurostris,,,,,"Last, Fahmi &amp; Naylor, 2010",
161476,Acroteriobatus variegatus,ANIMALIA,CHORDATA,CHONDRICHTHYES,RHINOPRISTIFORMES,RHINOBATIDAE,Acroteriobatus,variegatus,,,,,"(Nair &amp; Lal Mohan, 1973)","Last <em>et al</em>. (2016a) revised the genus <em>Rhinobatos</em>, elevating the former subgenus <em>Acroteriobatus</em> to generic status.<br/><br/><em>Acroteriobatus variegatus</em> is morphologically very similar to <em>A. zanzibarensis</em>, with only subtle differences in mitochondrial DNA between the two species. Further work is required to clarify their relationship (Last <em>et al</em>. 2016b)."
161613,Torpedo suessii,ANIMALIA,CHORDATA,CHONDRICHTHYES,TORPEDINIFORMES,TORPEDINIDAE,Torpedo,suessii,,,,,"Steindachner, 1898","Previously <em>Torpedo suessi</em> was considered a junior synonym of <em>T. sinuspersici</em> (Carvalho <em>et al</em>. 2002). Garman (1913) considered <em>T. suessi</em> to be a valid species, but thought that it may be synonymous with <em>T. panthera</em>. However, Carvalho <em>et al</em>. (2002) believe that this is not possible due to the inconceivability that the ornate colour pattern of <em>T. suessi</em> could transform into the typical pattern of small, irregular whitish spots present in <em>T. panthera</em>. Rather than being a synonym of <em>T. sinuspersici</em>, or <em>T. panthera</em>, it is much more likely that <em>T. suessi</em> is a valid species that occurs at least in the southern Red Sea (Carvalho <em>et al</em>. 2002). This species may also be identifiable with the paralectotype of <em>T. fuscomaculata</em>, but there is some uncertainty surrounding this, and <em>T. suessi</em> would still prove to be a valid species even it if it was conspecific with the paralectotype (Carvalho <em>et al</em>. 2002)."
107604987,Maculabatis arabica,ANIMALIA,CHORDATA,CHONDRICHTHYES,MYLIOBATIFORMES,DASYATIDAE,Maculabatis,arabica,,,,,"Manjaji-Matsumoto &amp; Last, 2016",
161638,Squatina legnota,ANIMALIA,CHORDATA,CHONDRICHTHYES,SQUATINIFORMES,SQUATINIDAE,Squatina,legnota,,,,,"Last &amp; White, 2008",
114823717,Eviota ocellifer,ANIMALIA,CHORDATA,ACTINOPTERYGII,PERCIFORMES,GOBIIDAE,Eviota,ocellifer,,,,,"Shibukawa &amp; Suzuki, 2005",
115696622,Carcharhinus obsoletus,ANIMALIA,CHORDATA,CHONDRICHTHYES,CARCHARHINIFORMES,CARCHARHINIDAE,Carcharhinus,obsoletus,,,,,"White, Kyne &amp; Harris, 2019","The Lost Shark is a recently described, distinct, whaler shark of the <em>Carcharhinus porosus</em> subgroup (White <em>et al.</em> 2019a). Originally described as <em>Carcharhinus obsolerus</em>, the correct spelling is actually <em>Carcharhinus obsoletus </em>(Dubois and Seret 2019, White <em>et al. </em>2019b)."
39369,Carcharhinus hemiodon,ANIMALIA,CHORDATA,CHONDRICHTHYES,CARCHARHINIFORMES,CARCHARHINIDAE,Carcharhinus,hemiodon,,,,,"(Müller &amp; Henle, 1839)",
60095,Urolophus javanicus,ANIMALIA,CHORDATA,CHONDRICHTHYES,MYLIOBATIFORMES,UROLOPHIDAE,Urolophus,javanicus,,,,,"(Martens, 1864)","The Java Stingaree is known only from the type specimen and is considered valid with the holotype housed at the&#160;Humboldt-Universität, Museum für Naturkunde, Zoologisches Museum, Berlin, Germany. It is a unique species of stingaree and its placement in the genus <em>Urolophus </em>is provisional (Last <em>et al. </em>2016). It is the only known stingaree (family Urolophidae) from Java; the Kai Stingaree (<em>Urolophus kaianus</em>), the only other stingaree known from Indonesia, doesn't overlap with the historical range of the Java Stingaree (Last <em>et al.</em> 2016)."
61417,Squatina aculeata,ANIMALIA,CHORDATA,CHONDRICHTHYES,SQUATINIFORMES,SQUATINIDAE,Squatina,aculeata,,,,,"Cuvier, 1829","<em>Squatina aculeata</em> is difficult to identify to the species level, therefore many of the records from fisher reports are often assigned only to the genus level. Misidentification is common."
61418,Squatina oculata,ANIMALIA,CHORDATA,CHONDRICHTHYES,SQUATINIFORMES,SQUATINIDAE,Squatina,oculata,,,,,"Bonaparte, 1840","<em>Squatina oculata</em> is difficult to identify to the species level, therefore many of the records from fishermen reports are often assigned only to genus level."
44571,Squatina armata,ANIMALIA,CHORDATA,CHONDRICHTHYES,SQUATINIFORMES,SQUATINIDAE,Squatina,armata,,,,,"(Philippi, 1887)","The Chilean Angelshark (<em>Squatina armata</em>), has previously been considered to be conspecific with the Pacific Angelshark (<em>S. californica</em>). Recent molecular evidence places <em>S. armata</em> as the sister taxon to the Neotropical angel sharks, indicating it is a distinct species (Stelbrink <em>et al. </em>2010). Given its prior taxonomic placement, some literature on the elasmobranch fauna of Peru, Ecuador, and Colombia list <em>S. californica</em> as part of their coastal fauna, while others only mention <em>S. armata</em>. To add to the confusion, some country checklists include both <em>S. armata</em> and <em>S. californica</em> (see Cornejo <em>et al. </em>2015). These records of <em>S. californica</em> occurring sympatrically with <em>S. armata</em> are likely incorrect, thus for the purpose of this assessment all angel shark records in the Southeast Pacific are considered to be <em>S. armata</em>. Further research is needed to elucidate the distributions of <em>S. armat</em><em>a</em> and <em>S. californica</em>, particularly in the Pacific coast of Central America and the northwest coast of South America."
39329,Squatina argentina,ANIMALIA,CHORDATA,CHONDRICHTHYES,SQUATINIFORMES,SQUATINIDAE,Squatina,argentina,,,,,"(Marini, 1930)","There is some controversy concerning the taxonomy and nomenclature of <em>Squatina</em> species of the Southwest Atlantic. <em>Squatina occulta</em> described by Vooren and da Silva (1991) has been regarded as being a junior synonym of <em>S. guggenheim</em>  by Soto (2001) in a species-level checklist of the region. Although  evidence was not given to support this statement, Bernardes <em>et al.</em> (2005) followed Soto’s proposal. However, later studies have re-evaluated the species’ validity. The validity of <em>S. occulta</em> Vooren and da Silva, 1991 as a distinct species has been confirmed through the study of mitochondrial DNA by Stelbrink <em>et al.</em> (2010) and in a comparative study of Southwest Atlantic <em>Squatina</em> neurocrania (Carvalho <em>et al. </em>2012).&#160;Both studies also recognized <em>S. argentina</em>, <em>S. guggenheim</em>, and <em>S. occulta</em> as the only valid species in the Southwest Atlantic (preceding the description of new species since that time, <em>S. david </em>and <em>S. varii</em>)."
39332,Squatina squatina,ANIMALIA,CHORDATA,CHONDRICHTHYES,SQUATINIFORMES,SQUATINIDAE,Squatina,squatina,,,,,"(Linnaeus, 1758)","Angel sharks (<em>Squatina</em> spp.) in the Eastern Atlantic and Mediterranean<em> </em>are difficult to identify to species level, therefore many of the records from fishermen reports in the Mediterranean are often assigned only to genus level. <em>Squatina squatina</em> is the only species to occur in the Northeast Atlantic from Portugal northwards."
39394,Rhynchobatus djiddensis,ANIMALIA,CHORDATA,CHONDRICHTHYES,RHINOPRISTIFORMES,RHINIDAE,Rhynchobatus,djiddensis,,,,,"(Forsskål, 1775)","<em>Rhynchobatus djiddensis</em>&#160;is part of the Indo-West Pacific&#160;<em>Rhynchobatus djiddensis</em>&#160;species-complex. The name&#160;<em>R. djiddensis</em>&#160;has previously been used widely, leading to poorly-defined taxonomy and distributions for members of the complex (in particular,&#160;<em>R. australiae</em>,<em>&#160;R. djiddensis</em>, and&#160;<em>R. laevis</em>). Further investigation into the taxonomy of 'whitespotted wedgefish' is required, and additional species are likely to be described in the future."
2958,Brachionichthys hirsutus,ANIMALIA,CHORDATA,ACTINOPTERYGII,LOPHIIFORMES,BRACHIONICHTHYIDAE,Brachionichthys,hirsutus,,,,,"(Lacepède, 1804)","<p><em>Brachionichthys australis</em> and <em>B. hirsutus</em> are similar in appearance, but are confirmed to be separate species (Last <em>et al.</em> 2007).</p>"
123423098,Brachiopsilus ziebelli,ANIMALIA,CHORDATA,ACTINOPTERYGII,LOPHIIFORMES,BRACHIONICHTHYIDAE,Brachiopsilus,ziebelli,,,,,"Last &amp; Gledhill, 2009",
123423510,Thymichthys politus,ANIMALIA,CHORDATA,ACTINOPTERYGII,LOPHIIFORMES,BRACHIONICHTHYIDAE,Thymichthys,politus,,,,,"(Richardson, 1844)","The genus <em>Thymichthys</em> is relatively new, and needs further taxonomic resolution (Last and Gledhill 2009)."
169473392,Glyphis gangeticus,ANIMALIA,CHORDATA,CHONDRICHTHYES,CARCHARHINIFORMES,CARCHARHINIDAE,Glyphis,gangeticus,,,,,"(Müller &amp; Henle, 1839)","<em>Glyphis gangeticus </em>was originally described from the Hooghly River, India. Records of <em>G. gangeticus</em> are sparse and there have been previous issues with reporting due to misidentification with other carcharhinds, mainly the Bull Shark (<em>Carcharhinus leucas</em>) and Broadfin sharks (<em>Lamiopsis </em>spp.), resulting in historic ambiguities about the range of <em>G. gangeticus</em>. The taxonomic status of the species was recently resolved with Li <em>et al</em>. (2015) demonstrating that <em>G. siamensis</em> and <em>G. fowlerae</em> are synonyms of <em>G. gangeticus</em>. Based on molecular data, there is an undescribed <em>Glyphis </em>species currently known from Bangladesh and Malaysian Borneo (Li <em>et al</em>. 2015).<br/><span lang=""EN-AU""><span lang=""EN-AU""><span lang=""EN-AU""><span lang=""EN-AU""><span lang=""EN-AU""><span lang=""EN-AU""><span lang=""EN-AU""><span lang=""EN-AU""><span lang=""EN-AU""><span lang=""EN-AU""><span lang=""EN-AU""><span lang=""EN-AU""><span lang=""EN-AU""><span lang=""EN-AU""><span lang=""EN-AU""><span lang=""EN-AU""><em></em></span></span></span></span></span></span></span></span><span lang=""EN-AU""><span lang=""EN-AU""><span lang=""EN-AU""><span lang=""EN-AU""><span lang=""EN-AU""><span lang=""EN-AU""><span lang=""EN-AU""><span lang=""EN-AU""><span lang=""EN-AU""><span lang=""EN-AU""><span lang=""EN-AU""><span lang=""EN-AU""><span lang=""EN-AU""><span lang=""EN-AU""><span lang=""EN-AU""><span lang=""EN-AU""><em></em></span></span></span></span></span></span></span></span>"
39353,Hemitriakis leucoperiptera,ANIMALIA,CHORDATA,CHONDRICHTHYES,CARCHARHINIFORMES,TRIAKIDAE,Hemitriakis,leucoperiptera,,,,,"Herre, 1923",
39367,Carcharhinus borneensis,ANIMALIA,CHORDATA,CHONDRICHTHYES,CARCHARHINIFORMES,CARCHARHINIDAE,Carcharhinus,borneensis,,,,,"(Bleeker, 1858)",
41848,Rhina ancylostoma,ANIMALIA,CHORDATA,CHONDRICHTHYES,RHINOPRISTIFORMES,RHINIDAE,Rhina,ancylostoma,,,,,"Bloch &amp; Schneider, 1801",
41854,Rhynchobatus laevis,ANIMALIA,CHORDATA,CHONDRICHTHYES,RHINOPRISTIFORMES,RHINIDAE,Rhynchobatus,laevis,,,,,"(Bloch &amp; Schneider, 1801)","<em>Rhynchobatus laevis</em>&#160;is part of the Indo-West Pacific&#160;<em>Rhynchobatus djiddensis</em>&#160;species-complex. The name&#160;<em>R. djiddensis</em>&#160;has previously been used widely, leading to poorly-defined taxonomy and distributions for members of the complex (in particular,&#160;<em>R. australiae</em>,<em>&#160;R. djiddensis</em>, and&#160;<em>R. laevis</em>).&#160;<em>Rhynchobatus yentinensis</em>&#160;Wang, 1933 (described from China) might be applicable to this species or may be a synonym of&#160;<em>R. springeri</em>. Further investigation into the taxonomy of 'whitespotted wedgefish' is required, and additional species are likely to be described in the future."
44591,Sphyrna corona,ANIMALIA,CHORDATA,CHONDRICHTHYES,CARCHARHINIFORMES,SPHYRNIDAE,Sphyrna,corona,,,,,"Springer, 1940",
44617,Pseudoginglymostoma brevicaudatum,ANIMALIA,CHORDATA,CHONDRICHTHYES,ORECTOLOBIFORMES,GINGLYMOSTOMATIDAE,Pseudoginglymostoma,brevicaudatum,,,,,"(Günther, 1867)",
60127,Aetomylaeus bovinus,ANIMALIA,CHORDATA,CHONDRICHTHYES,MYLIOBATIFORMES,MYLIOBATIDAE,Aetomylaeus,bovinus,,,,,"(Geoffroy Saint-Hilaire, 1817)","White (2014) placed the genus <em>Pteromylaeus</em> Garman, 1913 into the synonymy of <em>Aetomylaeus</em> Garman, 1908. This species is often confused with Common Eagle Ray (<em>Myliobatus aquila</em>)."
60180,Rhynchobatus luebberti,ANIMALIA,CHORDATA,CHONDRICHTHYES,RHINOPRISTIFORMES,RHINIDAE,Rhynchobatus,luebberti,,,,,"Ehrenbaum, 1915",
60182,Rhynchobatus springeri,ANIMALIA,CHORDATA,CHONDRICHTHYES,RHINOPRISTIFORMES,RHINIDAE,Rhynchobatus,springeri,,,,,"Compagno &amp; Last, 2010","<em>Rhynchobatus springeri</em> is part of the Indo-West Pacific&#160;<em>Rhynchobatus djiddensis</em>&#160;species-complex. The name&#160;<em>R. djiddensis</em>&#160;has previously been used widely, leading to poorly-defined taxonomy and distributions for members of the complex (in particular, <em>R. australiae</em>,<em>&#160;R. djiddensis</em>, and&#160;<em>R. laevis</em>). Further investigation into the taxonomy of 'whitespotted wedgefish' is required, and additional species are likely to be described in the future.&#160;<br/><br/><em>Rhynchobatus yentinensis</em> Wang, 1933 (described from China) might be applicable to this species or may be a synonym of <em>R. laevis</em>."
63129,Mustelus whitneyi,ANIMALIA,CHORDATA,CHONDRICHTHYES,CARCHARHINIFORMES,TRIAKIDAE,Mustelus,whitneyi,,,,,"Chirichigno F., 1973",
63130,Triakis maculata,ANIMALIA,CHORDATA,CHONDRICHTHYES,CARCHARHINIFORMES,TRIAKIDAE,Triakis,maculata,,,,,"Kner &amp; Steindachner, 1867",
63131,Rhinobatos rhinobatos,ANIMALIA,CHORDATA,CHONDRICHTHYES,RHINOPRISTIFORMES,RHINOBATIDAE,Rhinobatos,rhinobatos,,,,,"(Linnaeus, 1758)",
63167,Rhinobatos jimbaranensis,ANIMALIA,CHORDATA,CHONDRICHTHYES,RHINOPRISTIFORMES,RHINOBATIDAE,Rhinobatos,jimbaranensis,,,,,"Last, White &amp; Fahmi, 2006",
161320,Rhinobatos albomaculatus,ANIMALIA,CHORDATA,CHONDRICHTHYES,RHINOPRISTIFORMES,RHINOBATIDAE,Rhinobatos,albomaculatus,,,,,"Norman, 1930",
161384,Centrophorus atromarginatus,ANIMALIA,CHORDATA,CHONDRICHTHYES,SQUALIFORMES,CENTROPHORIDAE,Centrophorus,atromarginatus,,,,,"Garman, 1913",
161408,Glaucostegus halavi,ANIMALIA,CHORDATA,CHONDRICHTHYES,RHINOPRISTIFORMES,GLAUCOSTEGIDAE,Glaucostegus,halavi,,,,,"(Forsskål, 1775)","Changes to the systematics of <em>Rhinobatos</em>&#160;elevated the subgenus <em>Glaucostegus</em> to full generic status and placed this genus into a family of its own: Glaucostegidae (Compagno 2005, Last <em>et al</em>. 2016a)."
161409,Rhinobatos irvinei,ANIMALIA,CHORDATA,CHONDRICHTHYES,RHINOPRISTIFORMES,RHINOBATIDAE,Rhinobatos,irvinei,,,,,"Norman, 1931",
161478,Rhinobatos annandalei,ANIMALIA,CHORDATA,CHONDRICHTHYES,RHINOPRISTIFORMES,RHINOBATIDAE,Rhinobatos,annandalei,,,,,"Norman, 1926",
161483,Hongeo koreana,ANIMALIA,CHORDATA,CHONDRICHTHYES,RAJIFORMES,RAJIDAE,Hongeo,koreana,,,,,"(Jeong &amp; Nakabo, 1997)",
161516,Gymnura tentaculata,ANIMALIA,CHORDATA,CHONDRICHTHYES,MYLIOBATIFORMES,GYMNURIDAE,Gymnura,tentaculata,,,,,"(Valenciennes in Müller &amp; Henle, 1841)","<em>Gymnura tentaculata</em> identified from Papua New Guinea (Kailola 1987) are a misidentification of&#160;<em>G. australis</em>, as <em>G. tentaculata</em> appears to be restricted to the Northern Indian Ocean."
161541,Urotrygon reticulata,ANIMALIA,CHORDATA,CHONDRICHTHYES,MYLIOBATIFORMES,UROTRYGONIDAE,Urotrygon,reticulata,,,,,"Miyake &amp; McEachran, 1988",
161569,Myliobatis aquila,ANIMALIA,CHORDATA,CHONDRICHTHYES,MYLIOBATIFORMES,MYLIOBATIDAE,Myliobatis,aquila,,,,,"(Linnaeus, 1758)","It is unclear whether this, or a similar, species occurs along the east and west African coasts and Mediterranean Sea. A systematic review of this species is needed in these areas. This species is sometimes confused with Duckbill Eagle Ray (<em>Aetomylaeus bovinus</em>)."
161591,Cephaloscyllium silasi,ANIMALIA,CHORDATA,CHONDRICHTHYES,CARCHARHINIFORMES,SCYLIORHINIDAE,Cephaloscyllium,silasi,,,,,"(Talwar, 1974)",
161620,Hypanus rudis,ANIMALIA,CHORDATA,CHONDRICHTHYES,MYLIOBATIFORMES,DASYATIDAE,Hypanus,rudis,,,,,"(Günther, 1870)","The genus <em>Hypanus</em> formerly was a junior synonym of <em>Dasyatis </em>(Kottelat, 2013); it was resurrected by Last <em>et al</em>. (2016a) in their revision of the family Dasyatidae."
161677,Rhinobatos lionotus,ANIMALIA,CHORDATA,CHONDRICHTHYES,RHINOPRISTIFORMES,RHINOBATIDAE,Rhinobatos,lionotus,,,,,"Norman, 1926",
61334,Bahaba taipingensis,ANIMALIA,CHORDATA,ACTINOPTERYGII,PERCIFORMES,SCIAENIDAE,Bahaba,taipingensis,,,,,"(Herre, 1932)",
130391495,Rhynchorhina mauritaniensis,ANIMALIA,CHORDATA,CHONDRICHTHYES,RHINOPRISTIFORMES,RHINIDAE,Rhynchorhina,mauritaniensis,,,,,"Séret &amp; Naylor, 2016",Séret and Naylor (2016) described <em>Rhynchorhina mauritaniensis</em> (and <em>Rhynchorhina</em> as a new genus) from limited specimens collected off Mauritania (Eastern Central Atlantic).
154864,Sciaena callaensis,ANIMALIA,CHORDATA,ACTINOPTERYGII,PERCIFORMES,SCIAENIDAE,Sciaena,callaensis,,,,,"Hildebrand, 1946",
161558,Squatina japonica,ANIMALIA,CHORDATA,CHONDRICHTHYES,SQUATINIFORMES,SQUATINIDAE,Squatina,japonica,,,,,"Bleeker, 1858",This species is often misidentified with other regional Squatinids. Diagnostic features for <em>Squatina japonica</em> include pelvic fin tips which do not reach the first dorsal origin and spines along the midback line (Walsh <em>et al.</em> 2011).
141363430,Hypoplectrus liberte,ANIMALIA,CHORDATA,ACTINOPTERYGII,PERCIFORMES,SERRANIDAE,Hypoplectrus,liberte,,,,,"Victor &amp; Marks, 2018","<span id=""docs-internal-guid-f8c3acfb-7fff-6750-5e4b-8ff424d992d4"">There is ongoing discussion amongst workers since some hamlet species have been known to produce hybrids (Victor and Marks 2018).</span>"
18584848,Pristis pristis,ANIMALIA,CHORDATA,CHONDRICHTHYES,RHINOPRISTIFORMES,PRISTIDAE,Pristis,pristis,,,,,"(Linnaeus, 1758)","In a recent study, Faria <em>et al</em>. (2013) demonstrated that the existing taxonomy of the Pristidae required modification, recognising a total of five species in two genera. <em>Pristis pristis </em>had been recognised previously as consisting of up to three species (<em>Pristis pristis</em>, <em>P. microdon </em>and <em>P. perotteti</em>), but utilising a combination of mitochondrial DNA and morphological characters appears to be one species. While the <em>P. pristis </em>group is best considered a single species, it can be composed of a network of geographical units (subpopulations) that are not genetically distinct, but may be considered ecologically different.<br/>&#160;<br/><em>Pristis pristis</em>, has been referred to by many other names throughout its range. It was formerly known as <em>P. perotteti </em>in the Atlantic and sometimes in the Eastern Pacific, and <em>P. microdon </em>in the Indo-West Pacific."
18175,Pristis pectinata,ANIMALIA,CHORDATA,CHONDRICHTHYES,RHINOPRISTIFORMES,PRISTIDAE,Pristis,pectinata,,,,,"Latham, 1794","Faria <span style=""font-style: italic;"">et al.</span> (2013) state that both morphology and genetics support the current specific status of the Smalltooth Sawfish (<em>Pristis pectinata</em>) and propose modification of the distribution of the species to an Atlantic only range. No geographical structure of Smalltooth Sawfish subpopulations is present, and Western and Eastern Atlantic subpopulations of Smalltooth Sawfish likely represent separate units for conservation purposes."
39393,Pristis zijsron,ANIMALIA,CHORDATA,CHONDRICHTHYES,RHINOPRISTIFORMES,PRISTIDAE,Pristis,zijsron,,,,,"Bleeker, 1851","Recent taxonomic work has confirmed that the Green Sawfish (<em>Pristis zijsron</em>) is a valid species with an Indo-West Pacific distribution (Faria <span style=""font-style: italic;"">et al.</span> 2013)."
144137478,Carcharhinus cerdale,ANIMALIA,CHORDATA,CHONDRICHTHYES,CARCHARHINIFORMES,CARCHARHINIDAE,Carcharhinus,cerdale,,,,,"Gilbert, 1898","Castro (2011) resurrected <em>Carcharhinus cerdale</em>, considering it distinct from <em>Carcharhinus porosus</em>.&#160;<em>Carcharhinus cerdale&#160;</em>is restricted to the Eastern Pacific and <em>C. porosus</em> to the Western Atlantic."
60181,Rhynchobatus cooki,ANIMALIA,CHORDATA,CHONDRICHTHYES,RHINOPRISTIFORMES,RHINIDAE,Rhynchobatus,cooki,,,,,"Last, Kyne &amp; Compagno, 2016",The Clown Wedgefish is a recently described small species of wedgefish (Last <em>et al.</em> 2016). It is a distinct species which is not likely to be confused with other <em>Rhynchobatus</em> species.
44575,Atlantoraja castelnaui,ANIMALIA,CHORDATA,CHONDRICHTHYES,RAJIFORMES,ARHYNCHOBATIDAE,Atlantoraja,castelnaui,,,,,"(Miranda Ribeiro, 1907)",
60344,Anguilla anguilla,ANIMALIA,CHORDATA,ACTINOPTERYGII,ANGUILLIFORMES,ANGUILLIDAE,Anguilla,anguilla,,,,,"(Linnaeus, 1758)","<p>Other <em>Anguilla</em> species have occasionally been stocked in Europe, but none have established a self-sustaining population. Pure <em>A. rostrata</em>&#160;(American Eel) have been recorded but are relatively rare (Boëtius 1976). Stocking attempts are likely to have caused this (Frankowski <em>et al</em>. 2008, Marohn <em>et al</em>. 2014). DNA analysis is the best tool to distinguish between the European Eel and other species (e.g. Frankowski <em>et al</em>. 2008), but <em>A. rostrata</em> have fewer vertebrae than <em>A. anguilla</em> (102–112, usually 106–108, vs. 111–119, usually 114–116). Hybrids have been found as larvae in the Sargasso Sea (Als <em>et al</em>. 2011, Pujolar <em>et al.</em> 2014<em>a</em>) and as yellow eels in Iceland where pure <em>A.&#160;rostrata</em> and <em>A.&#160;anguilla</em>&#160;also exist (Albert <em>et al</em>. 2006).</p>"
162160049,Clupea manulensis,ANIMALIA,CHORDATA,ACTINOPTERYGII,CLUPEIFORMES,CLUPEIDAE,Clupea,manulensis,,,,,"Marion de Procé, 1822",
162207827,Cephaloscyllium fasciatum,ANIMALIA,CHORDATA,CHONDRICHTHYES,CARCHARHINIFORMES,SCYLIORHINIDAE,Cephaloscyllium,fasciatum,,,,,"Chan, 1966",
107605000,Maculabatis bineeshi,ANIMALIA,CHORDATA,CHONDRICHTHYES,MYLIOBATIFORMES,DASYATIDAE,Maculabatis,bineeshi,,,,,"Manjaji-Matsumoto &amp; Last, 2016",Previously confused with the Whitespotted Whipray (<em>Maculabatis gerrardi</em>) from which it can be distinguished based on colour and morphometrics (Manjaji-Matsumoto and Last 2016).
224,Acipenser naccarii,ANIMALIA,CHORDATA,ACTINOPTERYGII,ACIPENSERIFORMES,ACIPENSERIDAE,Acipenser,naccarii,,,,,"Bonaparte, 1836",There are nuclear and mitochondrial genetic markers available for the identification of this species and its hybrids.
203364219,Dipturus batis,ANIMALIA,CHORDATA,CHONDRICHTHYES,RAJIFORMES,RAJIDAE,Dipturus,batis,,,,,"(Linnaeus, 1758)","The Common Blue Skate <em>(Dipturus batis</em>)<em> </em>and Flapper Skate (<em>Dipturus intermedius</em>)<em> </em>were  synonymised in a taxonomic revision of European skates (Rajidae) in the  1920s (Clark 1926), before being recognised again as separate species  in 2010 (Iglésias <em>et al</em>. 2010). Consequently, information for both species were reported as ‘<em>Dipturus batis’</em> <a name=""_Hlk66779364"">(the 'common skate complex') </a>for much of the 20<sup>th</sup> and early 21<sup>st</sup> centuries."
63128,Mustelus mento,ANIMALIA,CHORDATA,CHONDRICHTHYES,CARCHARHINIFORMES,TRIAKIDAE,Mustelus,mento,,,,,"Cope, 1877",Records of this species off Argentina refer to&#160;<em>Mustelus schmitti</em>.
60170,Glaucostegus obtusus,ANIMALIA,CHORDATA,CHONDRICHTHYES,RHINOPRISTIFORMES,GLAUCOSTEGIDAE,Glaucostegus,obtusus,,,,,"(Müller &amp; Henle, 1841)","Recent changes to the systematics of <em>Rhinobatos</em>&#160;have elevated the subgenus <em>Glaucostegus</em> to full generic status and placed this genus into a family of its own: Glaucostegidae (Compagno 2005, Last <em>et al</em>. 2016a). Reports of <em>G. obtusus</em> from South Africa are considered invalid and based on other species (Compagno and Last 1999)."
60175,Glaucostegus thouin,ANIMALIA,CHORDATA,CHONDRICHTHYES,RHINOPRISTIFORMES,GLAUCOSTEGIDAE,Glaucostegus,thouin,,,,,"(Anonymous [Lacepède], 1798)","Recent changes to the systematics of <em>Rhinobatos</em> have elevated the subgenus <em>Glaucostegus</em> to full generic status and placed this genus into a family of its own: Glaucostegidae (Compagno 2005, Last <em>et al</em>. 2016a)."
